customer_id,age,gender,income,previous_purchases,discount,sales,treatment_effect,recommendation
10001,56,Male,41672.01,3,10,134.37,0.7771406649686335,Medium Discount
10002,46,Female,78217.36,8,10,156.26,0.7652094090136675,Medium Discount
10003,32,Female,28279.79,6,15,159.31,0.7188937754021774,Medium Discount
10004,60,Female,17017.91,7,10,155.53,0.8025368988066698,High Discount
10005,25,Male,56600.22,10,0,143.45,0.7073156318618438,Medium Discount
10006,38,Male,42469.19,5,10,129.53,0.7307594046592629,Medium Discount
10007,56,Male,34681.51,6,15,158.02,0.7855301760659211,Medium Discount
10008,36,Male,60625.35,2,25,149.95,0.7166484859497234,Medium Discount
10009,40,Male,53657.01,5,10,155.47,0.7365940926024716,Medium Discount
10010,28,Male,41538.82,3,20,155.36,0.6962481072146786,Low Discount
10011,28,Male,30795.43,4,30,158.55,0.699001975372301,Low Discount
10012,41,Male,63086.86,10,20,204.11,0.7535724371139014,Medium Discount
10013,53,Female,59753.02,3,20,161.57,0.7712972470900343,Medium Discount
10014,57,Female,48512.36,2,25,160.06,0.779987954010886,Medium Discount
10015,41,Male,77699.55,6,5,171.53,0.7424132406095527,Medium Discount
10016,20,Male,33948.73,4,30,165.18,0.6759059887830864,Low Discount
10017,39,Female,27117.12,4,20,160.15,0.7334942295714412,Medium Discount
10018,19,Male,39621.38,8,20,174.67,0.6842789891283823,Low Discount
10019,41,Male,49316.21,5,5,132.16,0.7394610906218233,Medium Discount
10020,61,Male,53650.09,4,25,180.25,0.7944546573830877,Medium Discount
10021,47,Female,46381.46,7,30,174.25,0.7651287583632579,Medium Discount
10022,55,Female,55280.83,4,20,168.75,0.7798608873235916,Medium Discount
10023,19,Female,31226.91,2,15,132.96,0.6701185159165183,Low Discount
10024,38,Female,71656.47,2,25,175.29,0.7252143205391414,Medium Discount
10025,50,Female,48767.73,3,30,193.92,0.7625745896905797,Medium Discount
10026,29,Male,66759.44,3,20,167.03,0.6992649131136603,Low Discount
10027,39,Female,55140.88,8,20,186.2,0.7448694940511934,Medium Discount
10028,61,Male,56851.3,6,5,151.32,0.8000875045838798,High Discount
10029,42,Male,58546.51,0,30,148.33,0.7283553014467516,Medium Discount
10030,44,Female,56715.63,8,15,180.68,0.7593224534531456,Medium Discount
10031,59,Female,59640.84,5,25,190.64,0.7942472779669978,Medium Discount
10032,45,Male,69937.29,4,10,146.45,0.7483132627128435,Medium Discount
10033,33,Male,52947.82,5,0,129.99,0.7163675279556444,Medium Discount
10034,32,Male,60635.06,7,15,198.7,0.7191341131165593,Medium Discount
10035,64,Female,48653.96,6,10,135.95,0.8114448912642315,High Discount
10036,61,Female,71601.76,3,15,144.02,0.794469259249148,Medium Discount
10037,20,Female,39854.12,4,30,180.09,0.6786678561744096,Low Discount
10038,54,Female,77014.11,2,10,124.88,0.7714654043780835,Medium Discount
10039,24,Female,49397.63,4,30,180.94,0.6902722029050408,Low Discount
10040,38,Male,28538.37,1,10,105.03,0.7194555587195928,Medium Discount
10041,26,Female,51921.57,9,15,191.89,0.7101045462737348,Medium Discount
10042,56,Male,39784.23,3,5,108.87,0.7771310982996776,Medium Discount
10043,35,Male,62609.65,1,15,128.28,0.7109612336943982,Medium Discount
10044,21,Male,40210.64,5,30,182.87,0.6816350302094015,Low Discount
10045,42,Female,43307.25,4,15,155.2,0.7422432634455108,Medium Discount
10046,31,Female,21656.89,6,10,150.46,0.7159712168363465,Medium Discount
10047,26,Female,43215.41,5,0,121.8,0.6988271772501393,Low Discount
10048,43,Male,15000.0,8,10,135.01,0.7534901153348899,Medium Discount
10049,19,Male,26241.46,5,20,150.5,0.6757862472178465,Low Discount
10050,37,Male,61406.22,7,15,176.2,0.7335830001798352,Medium Discount
10051,45,Male,61787.0,4,25,165.99,0.7482719596339227,Medium Discount
10052,64,Male,56381.86,1,15,124.48,0.794710551837636,Medium Discount
10053,24,Male,35495.36,5,5,120.47,0.6902781221109646,Low Discount
10054,61,Female,49284.33,4,30,192.48,0.7971644738511852,Medium Discount
10055,25,Female,49945.96,3,25,156.49,0.6903556652380315,Low Discount
10056,64,Female,32624.53,2,10,118.95,0.8001304102361836,High Discount
10057,52,Female,72550.97,12,5,185.2,0.79374791740602,Medium Discount
10058,31,Male,63160.43,5,15,150.9,0.7106412905889461,Medium Discount
10059,34,Male,46685.54,10,10,174.55,0.7332663497404197,Medium Discount
10060,53,Female,50403.29,6,10,148.68,0.7796748023596296,Medium Discount
10061,57,Male,53125.74,1,20,110.4,0.7744710801591822,Medium Discount
10062,21,Female,19373.98,6,20,162.28,0.687069689635092,Low Discount
10063,19,Female,46292.34,2,0,106.24,0.670194862726787,Low Discount
10064,23,Female,39770.24,4,20,158.4,0.6873344185389516,Low Discount
10065,59,Male,34975.7,5,30,180.38,0.7913903421259897,Medium Discount
10066,21,Female,45783.5,8,25,188.55,0.692820149173549,Low Discount
10067,46,Female,76965.3,4,10,127.35,0.7539698149993764,Medium Discount
10068,35,Female,59612.64,2,20,129.38,0.7164862987954533,Medium Discount
10069,43,Male,41432.32,1,0,77.41,0.7339658802290185,Medium Discount
10070,61,Male,58588.74,8,15,201.86,0.8057129338636123,High Discount
10071,51,Female,70990.33,8,25,184.82,0.7796177637924735,Medium Discount
10072,27,Male,63869.51,4,20,170.94,0.696280588482307,Low Discount
10073,53,Male,50894.46,1,10,101.67,0.7629037894857926,Medium Discount
10074,31,Male,40295.95,9,15,176.29,0.7217586696446389,Medium Discount
10075,48,Male,60473.35,4,30,177.86,0.7569322899150219,Medium Discount
10076,32,Male,55902.28,2,10,105.28,0.7050685676766996,Medium Discount
10077,25,Male,63427.9,4,15,152.47,0.6905003589153929,Low Discount
10078,31,Male,59527.58,3,30,181.39,0.705006255973843,Medium Discount
10079,40,Male,65743.29,8,30,228.56,0.7450802787567072,Medium Discount
10080,57,Male,41971.47,9,25,188.63,0.7968810518089484,Medium Discount
10081,38,Male,69760.91,4,10,150.62,0.7280893981777276,Medium Discount
10082,33,Female,52963.99,4,20,167.4,0.7162912384090084,Medium Discount
10083,62,Female,81128.91,5,20,184.81,0.8030231601168881,High Discount
10084,35,Male,39662.18,11,0,153.62,0.7389280656414721,Medium Discount
10085,64,Female,76039.46,8,15,192.6,0.8172002967590857,High Discount
10086,41,Female,52968.66,6,0,122.88,0.7450198530724403,Medium Discount
10087,43,Male,40228.73,2,5,108.3,0.7367680930605469,Medium Discount
10088,42,Male,42741.71,8,20,181.71,0.7507417056887797,Medium Discount
10089,62,Male,45194.79,7,15,167.18,0.8057257411535095,High Discount
10090,58,Female,56362.49,6,25,171.3,0.794149980760461,Medium Discount
10091,46,Female,57842.53,5,0,121.97,0.756681219122781,Medium Discount
10092,32,Male,41394.5,3,25,149.7,0.7078033591024195,Medium Discount
10093,62,Male,49634.68,5,25,182.44,0.8001316166185786,High Discount
10094,18,Male,82134.06,3,25,185.45,0.6675638728475962,Low Discount
10095,42,Female,75913.15,3,0,105.86,0.7396001875389538,Medium Discount
10096,24,Female,56544.86,7,5,147.08,0.6987333595238927,Low Discount
10097,26,Female,50570.05,4,30,184.03,0.6960561359847264,Low Discount
10098,41,Female,51800.47,4,30,186.58,0.7393973085707556,Medium Discount
10099,18,Male,59202.77,6,0,135.5,0.6758726010883929,Low Discount
10100,61,Male,34658.11,6,30,196.92,0.7999750365516903,Medium Discount
10101,25,Male,46139.35,3,10,118.27,0.6876044337965921,Low Discount
10102,41,Male,24971.24,4,30,185.47,0.7365294058095444,Medium Discount
10103,28,Female,55988.35,6,20,183.51,0.7074782103206864,Medium Discount
10104,34,Female,59707.94,6,0,141.91,0.724831034903867,Medium Discount
10105,25,Male,42752.2,6,30,197.84,0.6960122055262533,Low Discount
10106,52,Male,73609.8,6,0,138.86,0.7741714690095629,Medium Discount
10107,52,Female,31613.52,3,5,101.13,0.7682656492350609,Medium Discount
10108,50,Male,28034.38,5,10,124.58,0.7653542033975681,Medium Discount
10109,22,Female,53366.78,2,0,102.44,0.6788977011816155,Low Discount
10110,59,Male,65706.47,5,20,175.5,0.7915460758997088,Medium Discount
10111,56,Male,75258.92,3,30,185.31,0.7773108727519682,Medium Discount
10112,58,Male,43116.74,3,20,135.33,0.7829259780288378,Medium Discount
10113,45,Male,66180.21,5,30,213.64,0.7511025352687506,Medium Discount
10114,24,Male,49422.37,11,0,163.84,0.7071985732288727,Medium Discount
10115,26,Male,47410.59,7,25,179.94,0.7017331208229324,Medium Discount
10116,25,Male,63254.9,7,30,213.44,0.698924418935546,Low Discount
10117,29,Female,59784.84,4,25,172.38,0.7047698210529844,Medium Discount
10118,51,Female,26354.12,1,10,93.76,0.7597333759676963,Medium Discount
10119,50,Female,72148.11,4,20,173.84,0.7655013862673606,Medium Discount
10120,40,Female,70701.37,5,25,185.86,0.7394124087529194,Medium Discount
10121,41,Female,40616.56,4,20,149.25,0.7393406320699963,Medium Discount
10122,54,Male,55937.05,4,30,198.59,0.7742432762720498,Medium Discount
10123,52,Male,57410.45,7,30,192.31,0.776897688096236,Medium Discount
10124,61,Female,53910.11,6,10,149.44,0.8028045403198976,High Discount
10125,57,Male,41745.42,8,30,219.16,0.7940715940163514,Medium Discount
10126,39,Female,39925.65,4,10,133.23,0.7335591391299291,Medium Discount
10127,44,Female,49616.69,3,25,171.51,0.7452449170665567,Medium Discount
10128,52,Male,67590.94,0,30,179.01,0.7572910938820266,Medium Discount
10129,18,Male,58154.0,4,0,128.07,0.6702506617693071,Low Discount
10130,52,Male,44440.79,1,15,106.17,0.7599820885238073,Medium Discount
10131,54,Female,61575.48,4,5,109.18,0.7770037907949536,Medium Discount
10132,64,Male,15000.0,3,15,122.27,0.8001174662116527,High Discount
10133,31,Female,67231.49,5,15,147.57,0.7133938621789228,Medium Discount
10134,20,Female,23904.29,6,20,140.69,0.6842036519921791,Low Discount
10135,18,Female,44563.39,6,10,148.44,0.6785303541160899,Low Discount
10136,22,Male,33204.95,4,20,154.27,0.6816802111702902,Low Discount
10137,43,Male,30579.78,4,25,176.9,0.7423358197352443,Medium Discount
10138,31,Female,67412.4,5,5,143.89,0.7133947789732954,Medium Discount
10139,56,Male,42984.48,1,25,161.19,0.7715306916632811,Medium Discount
10140,44,Male,55197.56,9,0,153.15,0.7593911318480027,Medium Discount
10141,26,Male,49296.19,7,5,131.79,0.7017426764443413,Medium Discount
10142,32,Female,57155.61,5,20,176.8,0.7162317966358912,Medium Discount
10143,32,Female,51152.33,4,30,195.92,0.7133930616781095,Medium Discount
10144,43,Male,30755.12,5,30,184.29,0.745145020545681,Medium Discount
10145,59,Female,64944.0,4,20,178.98,0.7914658404530656,Medium Discount
10146,30,Male,42593.65,1,25,140.56,0.6964148198995167,Low Discount
10147,49,Male,26651.27,3,20,142.78,0.7568415739357356,Medium Discount
10148,56,Male,43578.27,7,20,176.05,0.7883835742605688,Medium Discount
10149,49,Male,72511.4,6,15,195.55,0.7654989152258018,Medium Discount
10150,21,Female,62753.33,10,0,169.79,0.6985227713637573,Low Discount
10151,47,Female,44770.22,4,30,168.22,0.7566956563819556,Medium Discount
10152,54,Female,44761.13,5,15,168.41,0.7797268932571219,Medium Discount
10153,40,Male,45175.47,6,20,163.26,0.7393594230969014,Medium Discount
10154,56,Male,81151.22,6,10,163.71,0.7857656697844949,Medium Discount
10155,62,Male,55729.03,8,15,184.05,0.8085874375762779,High Discount
10156,32,Female,56450.62,4,20,165.73,0.7134199117276186,Medium Discount
10157,60,Male,65454.25,3,30,186.56,0.7888171690567234,Medium Discount
10158,46,Female,53581.84,3,20,139.46,0.7510430028141345,Medium Discount
10159,53,Female,46114.37,9,0,149.93,0.7880780042055838,Medium Discount
10160,30,Female,47054.75,7,25,203.03,0.7160192415465486,Medium Discount
10161,49,Female,48925.98,2,5,113.68,0.7568780835943159,Medium Discount
10162,24,Female,49441.67,2,15,115.2,0.6846558015996547,Low Discount
10163,39,Female,60914.44,4,15,143.4,0.733665503645771,Medium Discount
10164,45,Male,50779.19,6,15,150.44,0.753832800038092,Medium Discount
10165,19,Male,60989.6,9,20,205.89,0.6871955887179051,Low Discount
10166,59,Female,48789.25,11,0,146.88,0.8110421590166819,High Discount
10167,62,Female,51179.53,4,20,146.36,0.8000630739362486,High Discount
10168,23,Male,20026.99,7,20,159.36,0.6929273620010624,Low Discount
10169,45,Female,63744.92,7,25,182.4,0.7594387592312607,Medium Discount
10170,45,Female,55197.33,3,10,126.32,0.7481621937900192,Medium Discount
10171,61,Male,64970.15,7,0,117.42,0.8029369605779281,High Discount
10172,61,Female,15000.0,5,15,139.85,0.7997990440080386,Medium Discount
10173,37,Female,81325.62,2,5,115.19,0.7223743249038234,Medium Discount
10174,47,Female,47906.16,9,15,177.21,0.7707531095442959,Medium Discount
10175,28,Male,66622.74,6,20,176.7,0.7048001612767683,Medium Discount
10176,45,Male,34401.41,3,0,90.6,0.7453248659260305,Medium Discount
10177,42,Male,59191.61,6,30,208.52,0.7452084440668089,Medium Discount
10178,56,Female,34198.77,3,0,104.27,0.7798347337158911,Medium Discount
10179,50,Female,40643.47,2,0,96.46,0.759725106280371,Medium Discount
10180,18,Male,78710.47,8,10,200.67,0.6815880843970278,Low Discount
10181,44,Female,47139.76,4,15,149.82,0.748040677015732,Medium Discount
10182,30,Female,53261.49,5,10,143.03,0.7104340708457746,Medium Discount
10183,58,Female,63051.02,4,30,183.96,0.7885672516182564,Medium Discount
10184,20,Female,57435.23,3,30,173.48,0.6759486394081852,Low Discount
10185,56,Female,52256.28,4,25,176.02,0.7827345556795362,Medium Discount
10186,23,Male,55474.42,3,5,104.24,0.6818737493361247,Low Discount
10187,25,Female,86051.23,11,25,245.82,0.7130051332137417,Medium Discount
10188,44,Male,49135.72,6,20,172.38,0.7509354756406491,Medium Discount
10189,26,Female,53016.49,5,10,134.23,0.69887684600803,Low Discount
10190,54,Male,65759.82,5,10,137.37,0.7771013671910191,Medium Discount
10191,50,Female,66582.89,5,25,211.04,0.768281495744516,Medium Discount
10192,59,Male,67805.45,3,20,143.94,0.7859400883770221,Medium Discount
10193,61,Female,59580.95,6,0,127.11,0.8028332783343813,High Discount
10194,41,Male,32854.93,4,20,160.65,0.7365693578444115,Medium Discount
10195,32,Female,74501.47,5,15,170.04,0.716319699940501,Medium Discount
10196,49,Male,32804.82,3,25,148.17,0.7568727581710565,Medium Discount
10197,49,Female,54539.53,7,20,171.35,0.770948092496558,Medium Discount
10198,41,Male,38685.86,3,0,94.64,0.7337905949010728,Medium Discount
10199,58,Male,49037.92,6,20,146.12,0.7913809214160241,Medium Discount
10200,29,Female,54931.44,7,10,160.16,0.7131701622937346,Medium Discount
10201,56,Female,54820.36,1,5,98.26,0.774322612892751,Medium Discount
10202,19,Male,56328.81,6,10,161.87,0.6787470325865883,Low Discount
10203,20,Female,74205.67,4,30,182.67,0.6788419389102018,Low Discount
10204,54,Male,56803.01,2,5,103.67,0.7686310401959532,Medium Discount
10205,34,Male,46337.65,2,30,168.54,0.710798088800059,Medium Discount
10206,19,Male,64461.31,5,20,174.29,0.6759799332683907,Low Discount
10207,19,Female,67842.06,5,15,147.99,0.6787290065867218,Low Discount
10208,45,Male,31585.88,3,20,133.32,0.7453105977149861,Medium Discount
10209,40,Male,58961.0,5,0,133.48,0.736620971537769,Medium Discount
10210,54,Female,60517.59,11,20,220.85,0.7966566154460877,Medium Discount
10211,49,Female,45536.55,2,5,84.63,0.7568609070405017,Medium Discount
10212,50,Female,70635.6,6,10,167.15,0.7711103458335814,Medium Discount
10213,18,Female,47749.17,5,15,135.38,0.6757381863933866,Low Discount
10214,36,Male,51883.65,3,30,171.87,0.7194124980359724,Medium Discount
10215,19,Male,47403.92,4,20,161.33,0.673085179594989,Low Discount
10216,61,Male,50233.69,10,20,217.25,0.8112872176122072,High Discount
10217,43,Male,33555.87,1,10,76.4,0.7339259648841701,Medium Discount
10218,49,Female,28399.24,8,15,172.82,0.7736239340593188,Medium Discount
10219,23,Male,73917.58,3,25,182.08,0.6819672134083268,Low Discount
10220,49,Male,37295.58,5,30,178.08,0.7625121404013286,Medium Discount
10221,21,Female,35129.11,4,20,150.47,0.6815329071396132,Low Discount
10222,28,Male,17699.15,11,20,166.33,0.7185937932896564,Medium Discount
10223,34,Male,40415.57,3,25,129.23,0.7135763898241724,Medium Discount
10224,55,Male,30153.65,4,30,183.16,0.7770016100107359,Medium Discount
10225,41,Male,74630.23,3,5,118.43,0.7339727495423023,Medium Discount
10226,22,Male,65147.26,3,5,115.61,0.6790337724005538,Low Discount
10227,51,Male,39677.74,8,0,136.19,0.7767271407879446,Medium Discount
10228,23,Female,83786.54,1,10,121.23,0.6791325424263707,Low Discount
10229,39,Female,64726.48,5,15,155.28,0.7364931340957802,Medium Discount
10230,28,Male,45127.53,7,20,182.51,0.7074995426283996,Medium Discount
10231,33,Male,15000.0,3,30,141.54,0.710558595980561,Medium Discount
10232,50,Female,84364.14,7,20,209.78,0.7739882299533517,Medium Discount
10233,26,Male,29156.41,5,0,102.28,0.6960239899551908,Low Discount
10234,23,Male,25319.02,7,30,183.6,0.6929541803268816,Low Discount
10235,33,Male,65338.56,5,30,186.27,0.7164303202872186,Medium Discount
10236,46,Female,86596.29,7,20,199.72,0.7624435585243753,Medium Discount
10237,20,Male,70764.09,5,10,147.32,0.6789008695678207,Low Discount
10238,37,Female,58458.64,4,0,95.74,0.7278750668042039,Medium Discount
10239,53,Male,58921.32,5,10,138.44,0.7741777160329227,Medium Discount
10240,36,Female,62801.23,11,0,161.31,0.744666263557377,Medium Discount
10241,43,Female,61383.93,7,20,199.31,0.7536488028566355,Medium Discount
10242,20,Male,54217.87,6,0,126.41,0.6816253308275962,Low Discount
10243,36,Female,51563.02,3,5,127.97,0.7221428139370514,Medium Discount
10244,37,Male,49061.1,0,30,142.43,0.7138622533345454,Medium Discount
10245,49,Female,38690.53,10,15,183.93,0.7792927115317693,Medium Discount
10246,24,Male,45789.87,5,20,166.76,0.6903302914152447,Low Discount
10247,58,Male,24605.65,5,25,170.84,0.788448794195096,Medium Discount
10248,50,Female,48524.91,3,15,142.97,0.7625733591560068,Medium Discount
10249,57,Male,35171.13,4,20,140.71,0.782805028632241,Medium Discount
10250,56,Male,33446.16,2,15,111.63,0.7742906667325983,Medium Discount
10251,35,Female,52698.41,2,5,101.3,0.7164512596756961,Medium Discount
10252,57,Male,70880.03,7,15,193.75,0.7914109267155216,Medium Discount
10253,18,Male,63774.75,3,0,95.88,0.6674708337005401,Low Discount
10254,28,Female,26442.49,1,15,103.45,0.6932869200789231,Low Discount
10255,45,Female,35155.58,3,20,148.88,0.7480606285718541,Medium Discount
10256,42,Male,64111.57,7,25,207.32,0.7480416891031945,Medium Discount
10257,40,Male,35262.69,5,25,175.69,0.7365008760358643,Medium Discount
10258,48,Female,46630.5,5,10,139.12,0.7624023917466128,Medium Discount
10259,47,Female,58250.78,4,30,175.47,0.7567639715748599,Medium Discount
10260,59,Male,35474.83,5,15,138.33,0.7913928715581672,Medium Discount
10261,52,Female,51580.63,5,25,189.56,0.7739834606875394,Medium Discount
10262,24,Male,29989.62,3,15,134.23,0.6846335962846924,Low Discount
10263,33,Male,40979.49,3,30,156.14,0.7106902517775684,Medium Discount
10264,43,Male,54796.73,6,25,196.59,0.7480751680259115,Medium Discount
10265,19,Male,26105.09,6,30,199.14,0.678593868381089,Low Discount
10266,18,Male,56607.12,4,15,148.34,0.6702428226731865,Low Discount
10267,29,Female,49705.43,9,20,201.12,0.7187603030223959,Medium Discount
10268,22,Female,58287.35,6,15,174.76,0.6901558860384475,Low Discount
10269,54,Female,53358.71,5,30,184.72,0.7797704630595789,Medium Discount
10270,49,Female,70462.11,5,20,198.53,0.7654121585844506,Medium Discount
10271,26,Male,51878.37,4,20,170.17,0.6933308253826024,Low Discount
10272,58,Male,43558.92,10,10,182.02,0.8025864045578923,High Discount
10273,52,Male,51834.46,6,25,186.07,0.7740611185083481,Medium Discount
10274,36,Male,58149.47,2,0,100.02,0.7166359389769116,Medium Discount
10275,33,Female,50732.9,4,20,141.76,0.7162799319541033,Medium Discount
10276,20,Male,50608.88,3,30,195.13,0.6731821048843352,Low Discount
10277,37,Male,39470.12,2,25,159.52,0.7194302737827754,Medium Discount
10278,41,Female,40056.49,5,5,137.17,0.7421461060563238,Medium Discount
10279,50,Female,28960.92,6,15,150.29,0.7708991518028123,Medium Discount
10280,41,Female,76243.65,5,30,199.52,0.7423294910800957,Medium Discount
10281,28,Female,31342.05,10,5,151.43,0.7185865596790207,Medium Discount
10282,25,Male,39606.42,5,30,192.94,0.6931879514701347,Low Discount
10283,53,Male,39223.89,5,15,141.99,0.7740778957190657,Medium Discount
10284,55,Female,63423.87,4,10,136.84,0.7799021536618169,Medium Discount
10285,57,Male,45575.75,4,30,185.25,0.7828577559389994,Medium Discount
10286,37,Male,68716.13,3,20,151.76,0.7223867955078408,Medium Discount
10287,52,Male,39897.64,6,0,128.39,0.7740006264990426,Medium Discount
10288,42,Female,54184.91,4,20,158.92,0.7422983879686202,Medium Discount
10289,52,Male,37469.79,2,15,107.15,0.7627550739547895,Medium Discount
10290,42,Female,82177.24,9,30,231.39,0.7564818054141768,Medium Discount
10291,46,Male,32186.02,5,0,119.17,0.7538192593337477,Medium Discount
10292,35,Male,54647.31,9,20,189.95,0.7333873810307596,Medium Discount
10293,63,Male,59506.65,5,0,128.69,0.803070640438361,High Discount
10294,35,Female,56206.99,5,15,156.82,0.7248939767729954,Medium Discount
10295,19,Male,47220.69,1,10,104.89,0.6646593143144337,Low Discount
10296,52,Female,48052.69,5,10,164.15,0.7739655822090745,Medium Discount
10297,33,Female,50657.17,8,30,201.49,0.7275127971507499,Medium Discount
10298,58,Female,47794.97,6,20,164.5,0.7941065632925285,Medium Discount
10299,53,Male,64458.19,2,5,110.49,0.7657808384008724,Medium Discount
10300,50,Male,83157.85,5,15,193.24,0.7656335516209805,Medium Discount
10301,21,Male,41637.62,5,20,160.61,0.6816422616904357,Low Discount
10302,50,Male,29452.96,4,20,149.47,0.762553080067019,Medium Discount
10303,31,Female,48675.77,6,10,143.98,0.7161081399314745,Medium Discount
10304,38,Female,88695.64,5,30,212.93,0.7337256063654815,Medium Discount
10305,37,Female,37944.88,6,0,114.23,0.7333877340755072,Medium Discount
10306,25,Male,74586.75,5,15,171.75,0.6933652206630915,Low Discount
10307,24,Female,75165.51,4,0,127.32,0.6904027863298343,Low Discount
10308,20,Male,41696.18,7,25,187.01,0.6843701871261015,Low Discount
10309,34,Female,58534.75,5,25,170.51,0.722016777306825,Medium Discount
10310,50,Male,74425.95,7,15,181.65,0.7712059256135677,Medium Discount
10311,29,Male,44313.08,6,30,209.18,0.7075760988255483,Medium Discount
10312,39,Female,46946.29,4,5,109.71,0.733594717501741,Medium Discount
10313,39,Female,41274.79,8,25,200.48,0.7447992251148007,Medium Discount
10314,63,Female,34778.65,4,10,112.33,0.8028689553037964,High Discount
10315,47,Female,40260.84,3,5,96.23,0.7538644920344957,Medium Discount
10316,55,Male,31640.9,5,20,168.82,0.779817459164025,Medium Discount
10317,55,Female,50511.25,10,25,224.67,0.7966865900666175,Medium Discount
10318,62,Female,38450.4,6,10,145.71,0.8056151912378281,High Discount
10319,25,Female,53506.79,4,20,135.54,0.6931820226356148,Low Discount
10320,44,Male,26661.57,3,5,94.3,0.7423966470633305,Medium Discount
10321,44,Male,54963.2,3,15,145.05,0.7425400707277002,Medium Discount
10322,51,Female,62502.93,5,20,156.76,0.7711498156180725,Medium Discount
10323,38,Male,20093.97,2,0,72.51,0.7222210774277367,Medium Discount
10324,47,Female,55610.85,6,15,170.97,0.7623672177349029,Medium Discount
10325,50,Male,68415.03,2,15,122.6,0.7571339029664808,Medium Discount
10326,45,Male,31855.38,5,5,101.63,0.7509285879414247,Medium Discount
10327,64,Male,75088.59,2,5,101.11,0.7976136638418684,Medium Discount
10328,50,Male,56285.29,6,10,154.49,0.768305682272154,Medium Discount
10329,22,Female,39424.82,3,10,113.14,0.6816353600032337,Low Discount
10330,36,Female,49163.46,5,0,123.36,0.727747278215846,Medium Discount
10331,21,Female,58374.9,2,15,133.9,0.6760340849278973,Low Discount
10332,52,Male,51140.08,6,30,217.38,0.7740575996112363,Medium Discount
10333,34,Female,58081.34,6,0,114.67,0.7248227918121276,Medium Discount
10334,61,Female,36189.9,7,0,127.41,0.8055230521715389,High Discount
10335,45,Female,52540.41,6,30,191.32,0.7565736660931963,Medium Discount
10336,47,Male,28794.28,6,30,193.4,0.7594993791305473,Medium Discount
10337,46,Male,48331.61,4,30,182.37,0.7510927678084837,Medium Discount
10338,63,Male,36441.39,4,5,102.79,0.8001454407895701,High Discount
10339,23,Female,38967.05,7,0,123.91,0.6957552849565085,Low Discount
10340,52,Female,68541.4,5,0,125.0,0.7740694124784409,Medium Discount
10341,58,Female,66369.65,5,20,167.19,0.7913923816232298,Medium Discount
10342,54,Male,59137.07,8,30,225.84,0.785492741928407,Medium Discount
10343,41,Male,33615.31,4,30,163.5,0.7365732112085432,Medium Discount
10344,46,Female,45253.87,2,10,134.54,0.7481924870664008,Medium Discount
10345,63,Male,68196.47,3,10,142.64,0.79749805319771,Medium Discount
10346,48,Male,52125.75,4,15,149.05,0.7568899869317417,Medium Discount
10347,52,Male,84789.94,6,10,193.85,0.7742281264051606,Medium Discount
10348,50,Male,55899.77,9,25,209.36,0.7767286653085026,Medium Discount
10349,38,Female,52880.74,3,15,144.05,0.7279274833509494,Medium Discount
10350,49,Male,45363.25,5,30,189.91,0.7625530247883525,Medium Discount
10351,40,Male,52003.11,3,20,157.98,0.7309690866769035,Medium Discount
10352,50,Male,47712.95,2,10,129.82,0.7570289914057801,Medium Discount
10353,20,Male,60621.63,4,20,167.8,0.6760411585615539,Low Discount
10354,35,Female,64350.53,9,10,189.59,0.7361684946172755,Medium Discount
10355,42,Female,38210.16,4,10,120.6,0.7422174330136445,Medium Discount
10356,59,Male,30031.51,5,20,152.95,0.7913652865427198,Medium Discount
10357,48,Male,22456.92,8,0,141.61,0.7679728837045887,Medium Discount
10358,20,Male,57619.87,8,0,148.78,0.6872591955682815,Low Discount
10359,57,Male,33449.5,5,0,109.21,0.785604616201723,Medium Discount
10360,63,Male,17706.64,3,25,137.82,0.7972421867888847,Medium Discount
10361,41,Male,55828.68,9,0,159.58,0.750727342721825,Medium Discount
10362,49,Female,87394.99,2,10,126.88,0.7570730323085375,Medium Discount
10363,64,Male,49908.94,8,30,203.19,0.8143359348380499,High Discount
10364,39,Female,62577.36,7,5,150.94,0.7420988675248854,Medium Discount
10365,40,Female,51227.44,6,20,149.59,0.74212203330907,Medium Discount
10366,19,Male,48516.66,9,30,227.37,0.6871323798228605,Low Discount
10367,44,Female,63786.15,3,5,122.16,0.7453167233856747,Medium Discount
10368,59,Female,45645.88,6,30,192.29,0.7969846682014635,Medium Discount
10369,19,Female,54010.88,7,25,192.88,0.6842755390492188,Low Discount
10370,43,Female,54825.47,7,5,144.72,0.7536155666661468,Medium Discount
10371,34,Female,39978.64,5,15,139.6,0.7219227408399274,Medium Discount
10372,57,Female,64880.64,5,0,124.29,0.7884958399799675,Medium Discount
10373,50,Male,47375.6,1,25,141.69,0.7542189695801628,Medium Discount
10374,26,Female,38663.82,7,30,201.46,0.7044207357249773,Medium Discount
10375,60,Female,58047.65,4,10,134.47,0.7943198877573708,Medium Discount
10376,56,Female,36522.98,7,0,120.74,0.7910797610455691,Medium Discount
10377,46,Male,50422.72,5,0,118.0,0.7539116771322989,Medium Discount
10378,59,Female,49863.22,5,5,135.24,0.7941977280969298,Medium Discount
10379,43,Male,66288.43,3,15,139.4,0.7397084675793907,Medium Discount
10380,52,Female,57120.47,5,0,122.51,0.7740115348356652,Medium Discount
10381,42,Male,49624.6,5,30,195.01,0.7423516492582191,Medium Discount
10382,41,Male,62266.49,4,30,175.29,0.7367184062811987,Medium Discount
10383,30,Female,70853.11,3,20,169.19,0.7049065950978359,Medium Discount
10384,24,Female,58367.15,3,20,173.75,0.6875093453381329,Low Discount
10385,53,Male,50155.29,5,0,114.2,0.7741332925794123,Medium Discount
10386,62,Female,30322.46,10,5,155.95,0.8168072503938164,High Discount
10387,37,Male,34023.3,2,5,93.38,0.7194026710304405,Medium Discount
10388,18,Male,45421.63,5,10,143.92,0.672994450408543,Low Discount
10389,25,Male,40857.32,3,25,162.04,0.6875776661475941,Low Discount
10390,63,Male,47195.43,4,25,152.19,0.8001999388458155,High Discount
10391,33,Male,50849.75,6,25,177.26,0.7191652078468684,Medium Discount
10392,31,Female,57945.39,3,15,145.55,0.7077301786898644,Medium Discount
10393,29,Male,48942.52,4,5,117.52,0.7019829348697635,Medium Discount
10394,40,Male,57297.52,4,10,123.99,0.7338042293068595,Medium Discount
10395,32,Female,50967.12,5,20,180.49,0.7162004353357571,Medium Discount
10396,45,Male,20368.0,8,30,191.19,0.7592953102803323,Medium Discount
10397,51,Female,35909.97,5,25,170.81,0.7710150509501138,Medium Discount
10398,19,Female,47838.69,6,20,170.2,0.6814359481092498,Low Discount
10399,49,Female,31854.58,3,20,129.14,0.7595998834087947,Medium Discount
10400,40,Male,58998.93,4,0,113.35,0.7338128515118983,Medium Discount
10401,39,Male,72961.26,5,15,167.9,0.7338029245911657,Medium Discount
10402,42,Male,68281.43,6,10,152.46,0.7452545083851135,Medium Discount
10403,39,Female,46798.36,7,15,163.54,0.742018904568685,Medium Discount
10404,39,Male,72360.89,5,0,132.19,0.7337998821068502,Medium Discount
10405,59,Female,52230.01,2,10,97.36,0.7857847855071387,Medium Discount
10406,23,Male,44943.71,6,10,137.02,0.6902453197744877,Low Discount
10407,32,Female,40798.96,4,5,117.03,0.7133405940900597,Medium Discount
10408,60,Male,45462.95,2,15,120.96,0.7859075472600677,Medium Discount
10409,54,Male,44177.35,4,15,136.18,0.7741836818506017,Medium Discount
10410,50,Male,52556.24,2,5,113.8,0.757053535659924,Medium Discount
10411,25,Female,52408.61,3,20,143.87,0.6903681451654089,Low Discount
10412,61,Female,50045.69,4,0,126.81,0.7971683321816454,Medium Discount
10413,61,Male,56554.07,7,15,154.23,0.8028943105597762,High Discount
10414,22,Male,67859.69,5,5,114.31,0.6846641426196785,Low Discount
10415,56,Female,64243.31,5,30,205.91,0.7856036143802145,Medium Discount
10416,21,Female,27726.53,7,10,135.02,0.6899203299464521,Low Discount
10417,23,Female,15000.0,9,25,182.33,0.7012504520518172,Medium Discount
10418,62,Male,64014.8,7,30,222.85,0.8058211149817193,High Discount
10419,49,Female,29496.82,6,5,120.28,0.7680128717597553,Medium Discount
10420,47,Male,46628.52,6,25,192.92,0.7595897573897518,Medium Discount
10421,64,Female,32448.3,9,20,182.12,0.8197877028599372,High Discount
10422,52,Male,22970.29,2,0,81.11,0.7626815950978639,Medium Discount
10423,57,Female,58121.94,3,25,160.45,0.7828449645507038,Medium Discount
10424,33,Female,61387.33,9,20,193.5,0.7303754864337997,Medium Discount
10425,30,Female,41352.34,3,25,174.48,0.7047570945731266,Medium Discount
10426,59,Female,15000.0,8,10,157.66,0.8024459891093865,High Discount
10427,47,Female,41806.33,5,10,128.64,0.7594889485726449,Medium Discount
10428,36,Male,55877.06,4,10,133.15,0.7222410476114879,Medium Discount
10429,34,Female,27816.33,9,10,175.67,0.7330943550911938,Medium Discount
10430,36,Female,52750.4,2,5,94.99,0.7193405189583958,Medium Discount
10431,45,Female,49770.35,5,10,130.54,0.7537513160666045,Medium Discount
10432,43,Male,58689.37,10,30,239.05,0.7593281436602599,Medium Discount
10433,54,Female,51793.71,5,10,163.6,0.7797625321370583,Medium Discount
10434,43,Male,35403.97,4,30,175.24,0.7423602671966596,Medium Discount
10435,40,Female,67948.57,7,5,162.97,0.7450150829236812,Medium Discount
10436,26,Female,47622.06,3,10,112.64,0.6932328842654547,Low Discount
10437,29,Male,49590.43,6,20,176.41,0.707602842757794,Medium Discount
10438,18,Female,36000.98,3,20,138.4,0.6700620258148529,Low Discount
10439,18,Male,43350.77,3,15,151.84,0.6673673314622374,Low Discount
10440,64,Male,36727.96,4,20,166.35,0.8030358888491419,High Discount
10441,51,Female,47405.81,1,0,104.5,0.7598400592407436,Medium Discount
10442,49,Male,75675.63,2,0,96.88,0.7542817015653884,Medium Discount
10443,42,Female,29421.48,4,0,97.07,0.742172894777134,Medium Discount
10444,57,Female,25796.58,5,5,119.15,0.7882977743878569,Medium Discount
10445,62,Male,72067.55,8,20,193.47,0.8086702360019792,High Discount
10446,18,Male,46860.14,7,30,205.74,0.678618364806059,Low Discount
10447,33,Male,39963.91,7,0,135.07,0.7219183541131727,Medium Discount
10448,56,Male,65598.57,2,15,130.8,0.7744536049259291,Medium Discount
10449,22,Female,40915.77,6,5,123.92,0.6900678523930535,Low Discount
10450,39,Female,77390.15,8,15,182.5,0.7449822462789962,Medium Discount
10451,46,Male,60168.89,6,20,164.65,0.7567693798668177,Medium Discount
10452,20,Female,42681.33,4,10,136.88,0.6786821835759812,Low Discount
10453,29,Female,82359.62,4,15,153.62,0.7048842228619947,Medium Discount
10454,43,Female,40914.28,4,10,119.35,0.74512013244813,Medium Discount
10455,33,Female,61131.43,1,5,106.36,0.7079076916695174,Medium Discount
10456,54,Male,54489.39,6,15,162.64,0.7798525644774562,Medium Discount
10457,39,Male,69526.12,8,15,181.01,0.742210453122762,Medium Discount
10458,46,Female,73422.67,7,25,213.32,0.7623767988058215,Medium Discount
10459,31,Male,50480.06,7,5,138.09,0.7161936549907059,Medium Discount
10460,45,Male,38698.73,6,5,108.08,0.7537715801069266,Medium Discount
10461,22,Male,56899.58,6,0,139.78,0.6874169125092315,Low Discount
10462,64,Female,39834.27,4,20,143.64,0.8057835713927914,High Discount
10463,47,Female,80200.81,3,15,144.41,0.7540668951064112,Medium Discount
10464,63,Female,52048.03,6,15,154.38,0.8085730955181845,High Discount
10465,22,Male,44520.18,3,30,171.86,0.6789292409160123,Low Discount
10466,29,Female,52770.2,10,5,166.14,0.7215841465455859,Medium Discount
10467,33,Female,29793.11,5,5,127.28,0.7189821279977388,Medium Discount
10468,43,Male,35425.79,6,20,182.16,0.7479770022595904,Medium Discount
10469,43,Female,68006.21,6,5,137.71,0.7508740502235438,Medium Discount
10470,38,Female,40146.59,4,10,117.69,0.730671262969711,Medium Discount
10471,56,Male,34296.34,6,10,134.93,0.7855282241467982,Medium Discount
10472,53,Male,58049.79,5,25,185.92,0.774173299395923,Medium Discount
10473,50,Male,67785.56,3,10,131.73,0.759939025255669,Medium Discount
10474,47,Female,60784.3,2,10,116.39,0.7511601861627624,Medium Discount
10475,54,Female,64940.72,3,20,143.5,0.774212532518484,Medium Discount
10476,40,Female,38648.07,2,15,100.74,0.7308250360884033,Medium Discount
10477,27,Male,28672.84,8,10,143.29,0.7073354719192136,Medium Discount
10478,22,Male,72520.0,7,25,217.4,0.6903043840754545,Low Discount
10479,53,Female,45159.8,4,5,121.44,0.7740316055329938,Medium Discount
10480,51,Female,46237.5,3,10,120.2,0.7654507631031507,Medium Discount
10481,48,Male,69922.91,3,25,178.76,0.7541718650382397,Medium Discount
10482,27,Male,58343.45,6,20,164.29,0.7018692086529477,Medium Discount
10483,36,Male,56838.32,5,30,193.99,0.7250542312146578,Medium Discount
10484,49,Male,82475.04,1,30,156.37,0.751507846570831,Medium Discount
10485,18,Female,40347.23,8,30,212.63,0.6841256124435419,Low Discount
10486,22,Male,63917.6,9,5,169.05,0.6958774143328764,Low Discount
10487,62,Female,50855.2,4,25,172.76,0.8000614303349061,High Discount
10488,21,Female,54028.88,7,10,169.69,0.6900536218953093,Low Discount
10489,33,Female,72927.03,3,15,155.72,0.7135840925068606,Medium Discount
10490,41,Male,57617.54,7,5,135.22,0.7451197836095587,Medium Discount
10491,33,Male,58074.44,5,5,143.36,0.7163935080361638,Medium Discount
10492,19,Male,66087.61,6,30,203.95,0.6787964870828789,Low Discount
10493,45,Male,44525.71,8,15,154.06,0.7594177338754036,Medium Discount
10494,49,Female,37411.85,2,30,158.62,0.7568197336435664,Medium Discount
10495,44,Male,34327.86,4,5,118.14,0.7452438096271576,Medium Discount
10496,37,Male,20504.65,9,10,147.11,0.7389923485108981,Medium Discount
10497,41,Female,80843.11,4,30,210.75,0.7395444874382544,Medium Discount
10498,29,Male,33451.87,4,30,164.49,0.701904433179703,Medium Discount
10499,52,Female,46681.2,3,30,167.53,0.7683420074476144,Medium Discount
10500,50,Female,45847.8,4,5,110.78,0.765368104656575,Medium Discount
10501,50,Female,54611.1,4,10,117.22,0.7654125142753132,Medium Discount
10502,60,Female,62236.06,6,15,156.69,0.7999577377739536,Medium Discount
10503,54,Female,62907.1,7,0,130.33,0.785435475750981,Medium Discount
10504,29,Female,41253.84,3,15,130.83,0.7018675995925314,Medium Discount
10505,20,Female,47493.17,6,10,116.73,0.6843231929376292,Low Discount
10506,18,Female,54238.7,8,20,198.28,0.6841960099977068,Low Discount
10507,50,Male,46269.63,7,30,211.2,0.7710632383340871,Medium Discount
10508,57,Male,74110.18,3,15,160.37,0.7801940471167138,Medium Discount
10509,27,Male,57364.62,4,20,145.77,0.6962476237675495,Low Discount
10510,60,Male,61023.17,6,20,175.58,0.7972196504809872,Medium Discount
10511,61,Female,59943.22,8,10,178.39,0.8084517386896904,High Discount
10512,46,Male,67602.11,3,10,143.08,0.7483821123337591,Medium Discount
10513,30,Female,52715.32,4,30,198.15,0.7076229907867767,Medium Discount
10514,29,Male,30547.52,3,0,90.3,0.6990814026140791,Low Discount
10515,48,Male,55995.32,8,25,203.94,0.7681428456546636,Medium Discount
10516,63,Male,40229.65,1,5,75.04,0.7917397017578847,Medium Discount
10517,19,Female,42070.75,3,15,143.18,0.6729817812936717,Low Discount
10518,52,Male,58795.46,7,10,155.79,0.7769047068866517,Medium Discount
10519,40,Female,68574.25,5,15,162.13,0.7394016291849244,Medium Discount
10520,34,Female,50319.07,9,25,209.33,0.733208391824384,Medium Discount
10521,43,Male,54632.5,5,25,155.87,0.7452660235174232,Medium Discount
10522,25,Male,75533.22,4,30,186.65,0.6905617048291358,Low Discount
10523,46,Male,53611.3,5,20,171.34,0.7539278358421589,Medium Discount
10524,43,Female,89025.25,7,30,225.03,0.7537888802798234,Medium Discount
10525,27,Male,58482.64,3,5,120.36,0.693444977294462,Low Discount
10526,43,Female,23588.56,6,0,117.63,0.750648955692745,Medium Discount
10527,51,Female,61300.12,7,15,165.92,0.7767603446454464,Medium Discount
10528,58,Male,55717.38,4,5,117.21,0.7857981463099428,Medium Discount
10529,24,Male,69346.29,4,0,115.26,0.6876413556206796,Low Discount
10530,21,Female,60097.72,4,15,157.28,0.6816594401181172,Low Discount
10531,62,Female,47923.16,3,5,108.12,0.7972382594451642,Medium Discount
10532,28,Female,31635.53,4,10,105.01,0.7017381734840492,Medium Discount
10533,46,Male,46864.65,2,15,124.95,0.7454687092354114,Medium Discount
10534,53,Female,37242.19,7,5,144.45,0.7824164183315094,Medium Discount
10535,42,Male,41292.15,6,25,194.72,0.7451177352933764,Medium Discount
10536,38,Female,58828.68,7,0,138.22,0.7391908745923628,Medium Discount
10537,53,Female,75048.57,5,5,125.16,0.7769913845614197,Medium Discount
10538,27,Male,55920.07,4,10,130.9,0.6962403032473404,Low Discount
10539,54,Female,32061.75,5,30,185.78,0.7796625368361375,Medium Discount
10540,26,Male,56669.04,4,15,156.5,0.693355102975313,Low Discount
10541,41,Male,67949.47,7,15,182.55,0.7451721425465037,Medium Discount
10542,52,Female,40853.26,5,15,145.41,0.7739290977863761,Medium Discount
10543,52,Male,47989.74,6,10,155.58,0.7740416346895407,Medium Discount
10544,53,Male,50220.32,5,0,108.7,0.7741336221307806,Medium Discount
10545,35,Female,38226.53,2,15,124.46,0.7163779207881509,Medium Discount
10546,56,Male,59724.21,4,0,119.36,0.7800404600228866,Medium Discount
10547,49,Male,48185.78,4,5,124.36,0.7597590162301184,Medium Discount
10548,41,Male,56292.99,6,25,194.64,0.7423047589681507,Medium Discount
10549,40,Female,36687.62,11,25,224.58,0.7560899113384683,Medium Discount
10550,49,Male,43438.13,6,0,109.23,0.7653515811351995,Medium Discount
10551,54,Female,60835.72,8,0,144.59,0.7882332908986409,Medium Discount
10552,29,Female,44407.5,5,25,165.61,0.7075002058250385,Medium Discount
10553,30,Male,75904.46,3,15,146.56,0.7022002529819243,Medium Discount
10554,40,Male,44005.46,5,20,150.31,0.7365451816150886,Medium Discount
10555,42,Male,53370.27,1,20,138.13,0.7311373821508986,Medium Discount
10556,52,Female,63988.86,8,10,151.34,0.7824712783820342,Medium Discount
10557,58,Male,28724.51,6,30,193.54,0.7912779795113337,Medium Discount
10558,47,Male,23587.87,4,25,156.45,0.7538563702135646,Medium Discount
10559,34,Male,27115.16,7,25,201.08,0.724742236546416,Medium Discount
10560,37,Male,68938.76,1,10,115.42,0.7167712992398046,Medium Discount
10561,42,Male,41722.13,7,20,174.81,0.7479282265383886,Medium Discount
10562,39,Female,88372.99,3,5,137.51,0.7309963426056442,Medium Discount
10563,30,Female,41536.29,9,15,178.8,0.7216079002315734,Medium Discount
10564,36,Male,52768.27,4,15,148.63,0.7222252932519844,Medium Discount
10565,53,Male,73131.65,2,5,125.01,0.7658247927390488,Medium Discount
10566,29,Male,80091.39,4,5,131.87,0.7021407874413779,Medium Discount
10567,58,Male,80922.55,6,20,200.41,0.7915425025854365,Medium Discount
10568,36,Female,68125.49,2,10,108.27,0.7194184350271103,Medium Discount
10569,29,Male,65360.94,1,5,119.22,0.693641201474106,Low Discount
10570,26,Female,58887.9,7,10,142.56,0.7045232249336238,Medium Discount
10571,24,Female,61675.42,7,30,225.36,0.6987593595710797,Low Discount
10572,45,Male,41732.21,6,0,100.2,0.7537869528192895,Medium Discount
10573,31,Female,37727.02,8,15,190.17,0.7216692796329498,Medium Discount
10574,48,Female,49949.38,7,20,182.58,0.7680358352615603,Medium Discount
10575,36,Female,47447.23,5,15,141.77,0.7277385809077579,Medium Discount
10576,64,Female,43201.58,6,20,188.25,0.811417260335584,High Discount
10577,33,Male,60445.81,6,0,117.33,0.7192138376285705,Medium Discount
10578,22,Male,64329.58,7,15,173.39,0.6902628776304501,Low Discount
10579,52,Female,51326.1,6,0,149.71,0.7767904830534623,Medium Discount
10580,29,Male,72162.95,3,20,164.04,0.6992922963846825,Low Discount
10581,42,Male,32874.66,3,5,82.68,0.7366501414006325,Medium Discount
10582,38,Male,47095.11,1,30,153.81,0.7195495983791304,Medium Discount
10583,53,Male,39247.67,5,15,143.51,0.7740780162285466,Medium Discount
10584,40,Male,22001.95,3,0,86.89,0.7308170503347372,Medium Discount
10585,33,Female,48759.79,9,25,208.44,0.730311494075099,Medium Discount
10586,56,Male,48173.79,8,15,181.05,0.7912151751381666,Medium Discount
10587,62,Male,72701.75,4,15,140.57,0.7974402009537671,Medium Discount
10588,59,Male,59462.18,2,15,127.75,0.783089495093752,Medium Discount
10589,56,Male,34637.2,3,10,119.44,0.7771050147877661,Medium Discount
10590,31,Female,77811.39,2,0,97.28,0.7050225410198433,Medium Discount
10591,48,Female,68315.51,4,0,127.12,0.7597039722410481,Medium Discount
10592,22,Female,58731.47,4,15,141.44,0.6845415122113244,Low Discount
10593,52,Female,46602.74,5,5,127.23,0.773958234323382,Medium Discount
10594,40,Male,35608.41,8,15,168.25,0.7449275647640877,Medium Discount
10595,46,Female,44416.9,6,10,135.06,0.7594214945407091,Medium Discount
10596,60,Male,66331.23,3,20,157.77,0.7888216133125906,Medium Discount
10597,28,Male,78268.79,5,10,141.02,0.7020508675130898,Medium Discount
10598,35,Male,73148.65,6,5,142.64,0.7250562032115473,Medium Discount
10599,64,Male,42667.26,3,15,133.14,0.8002576750905148,High Discount
10600,29,Male,33205.74,8,0,116.33,0.713136434843316,Medium Discount
10601,26,Female,52113.29,8,30,221.29,0.7072972056066977,Medium Discount
10602,27,Female,23473.41,5,25,166.84,0.7016161268835963,Medium Discount
10603,61,Female,54847.52,4,15,152.24,0.7971926663296885,Medium Discount
10604,34,Female,47785.96,2,5,102.42,0.7135373691267505,Medium Discount
10605,55,Male,43009.45,6,0,108.0,0.7826833836046646,Medium Discount
10606,24,Female,26079.45,5,10,128.04,0.6929623460241946,Low Discount
10607,63,Male,57704.0,6,20,183.08,0.8058698174242375,High Discount
10608,30,Female,42009.49,7,20,165.1,0.7159936737726467,Medium Discount
10609,57,Male,32451.25,3,30,154.12,0.7799829329019381,Medium Discount
10610,59,Male,15000.0,9,15,164.54,0.8025223606004422,High Discount
10611,26,Female,49587.28,2,10,112.08,0.6904345311326607,Low Discount
10612,44,Male,76583.77,0,30,163.13,0.7342247001745927,Medium Discount
10613,19,Male,74918.89,6,25,195.04,0.6788412412026478,Low Discount
10614,22,Female,43143.56,4,25,167.67,0.6844625176385007,Low Discount
10615,46,Male,40966.82,6,30,205.7,0.7566720698799765,Medium Discount
10616,54,Female,57031.61,4,5,128.4,0.7769807639061908,Medium Discount
10617,55,Female,35024.22,5,20,158.07,0.7825665455062991,Medium Discount
10618,36,Female,54526.88,2,10,107.2,0.7193495215943315,Medium Discount
10619,25,Male,61491.2,5,15,151.03,0.6932988565784809,Low Discount
10620,62,Male,68404.0,4,0,124.62,0.7974184213229281,Medium Discount
10621,18,Male,48497.69,3,15,131.06,0.6673934144167039,Low Discount
10622,39,Female,46944.89,5,15,141.29,0.7364030226500394,Medium Discount
10623,34,Male,36830.26,3,10,138.4,0.7135582206127841,Medium Discount
10624,24,Female,37596.79,3,20,158.04,0.6874040877560968,Low Discount
10625,42,Female,46602.82,4,10,129.06,0.7422599643466812,Medium Discount
10626,62,Male,55510.48,8,0,130.93,0.8085863300343502,High Discount
10627,21,Female,63703.77,5,30,204.09,0.6844860266762861,Low Discount
10628,53,Male,37952.32,4,10,121.08,0.7712631395634566,Medium Discount
10629,23,Male,72390.33,4,5,139.58,0.6847677860338596,Low Discount
10630,48,Male,45933.15,4,15,137.58,0.756858604803434,Medium Discount
10631,36,Male,49679.49,4,20,173.29,0.7222096402968001,Medium Discount
10632,61,Male,38791.82,7,25,182.71,0.8028042971230077,High Discount
10633,56,Female,15000.0,8,0,145.15,0.7937790016676679,Medium Discount
10634,44,Female,63260.68,7,25,202.08,0.7565473094429638,Medium Discount
10635,27,Female,61052.66,3,15,155.87,0.6961899420908664,Low Discount
10636,43,Male,45780.09,6,10,140.49,0.7480294745605844,Medium Discount
10637,36,Male,51004.86,6,25,172.89,0.7278329813367608,Medium Discount
10638,56,Male,57739.09,4,5,100.31,0.780030400065753,Medium Discount
10639,20,Female,26561.81,6,10,149.05,0.6842171194587716,Low Discount
10640,62,Male,42064.21,9,15,181.21,0.8113265008553193,High Discount
10641,30,Female,61913.97,6,25,178.98,0.7132862311070336,Medium Discount
10642,45,Female,31185.66,4,30,185.77,0.7508488225222982,Medium Discount
10643,37,Male,54403.37,6,0,136.76,0.7307391997190349,Medium Discount
10644,45,Male,29651.27,7,25,197.15,0.7565340426986901,Medium Discount
10645,25,Female,56996.45,4,30,172.1,0.693199707123208,Low Discount
10646,58,Male,49465.38,3,30,186.2,0.7829581509182637,Medium Discount
10647,56,Female,25773.02,4,25,161.23,0.7826003469363064,Medium Discount
10648,18,Male,67471.09,5,20,188.01,0.673106190062781,Low Discount
10649,20,Male,38981.13,3,25,161.42,0.673123179143543,Low Discount
10650,30,Female,37846.21,5,15,148.15,0.7103559511069155,Medium Discount
10651,45,Male,53008.54,3,30,188.1,0.7454191609460702,Medium Discount
10652,42,Female,67229.56,5,0,132.13,0.7451728063512643,Medium Discount
10653,50,Male,34762.67,5,15,155.7,0.7653883002325116,Medium Discount
10654,55,Female,50925.2,5,5,123.08,0.7826471266183648,Medium Discount
10655,23,Female,56432.25,6,10,149.49,0.6930354807952493,Low Discount
10656,61,Male,60396.58,6,25,173.36,0.8001054709359527,High Discount
10657,62,Female,52646.62,6,20,168.72,0.8056871331681197,High Discount
10658,49,Male,44494.58,5,0,120.15,0.7625486226449237,Medium Discount
10659,62,Male,37586.15,7,20,180.43,0.8056871829846101,High Discount
10660,64,Male,51292.16,3,20,139.85,0.8003013833420474,High Discount
10661,38,Female,33917.91,5,20,169.78,0.7334480102424858,Medium Discount
10662,33,Female,15000.0,7,25,205.73,0.7245237857047724,Medium Discount
10663,38,Male,56548.4,2,0,85.25,0.7224058168909092,Medium Discount
10664,28,Male,63559.02,8,0,143.72,0.7104012598038048,Medium Discount
10665,54,Female,15000.0,4,30,158.28,0.7767677610676419,Medium Discount
10666,53,Male,34854.04,2,20,132.48,0.7656308139791854,Medium Discount
10667,52,Male,59287.31,5,30,197.38,0.7712905749399964,Medium Discount
10668,36,Female,80862.43,5,30,198.46,0.7279079185193954,Medium Discount
10669,37,Male,50311.91,4,10,129.39,0.7251018410142338,Medium Discount
10670,35,Female,39079.96,6,25,180.91,0.7276154946723178,Medium Discount
10671,64,Male,47256.55,8,25,204.84,0.8143224933686667,High Discount
10672,58,Female,70623.15,4,15,169.48,0.7886056247660815,Medium Discount
10673,31,Male,40310.54,3,30,169.01,0.7049088701238005,Medium Discount
10674,32,Male,38012.12,6,25,173.89,0.7162111550049245,Medium Discount
10675,48,Female,42758.85,4,20,160.34,0.7595744592120725,Medium Discount
10676,18,Male,35700.07,2,5,100.35,0.6645202479035744,Low Discount
10677,20,Female,51840.05,3,20,147.99,0.6759202848145308,Low Discount
10678,33,Male,74370.18,1,0,100.04,0.7052428406942102,Medium Discount
10679,40,Female,54846.19,9,25,208.09,0.7505653087129086,Medium Discount
10680,28,Female,46214.7,5,25,170.3,0.7046203683262628,Medium Discount
10681,29,Female,45622.83,3,15,115.32,0.7018897402450448,Medium Discount
10682,27,Female,26552.14,4,30,167.0,0.6988234166655218,Low Discount
10683,49,Male,63246.65,3,5,100.5,0.7570270276887033,Medium Discount
10684,33,Male,48832.44,4,25,162.52,0.7135383602749403,Medium Discount
10685,25,Female,47292.8,6,15,164.94,0.6987671565956934,Low Discount
10686,55,Female,97896.61,4,15,153.4,0.7800768505500055,Medium Discount
10687,29,Female,54481.29,2,5,103.84,0.6991263198613604,Low Discount
10688,41,Male,38723.13,6,20,168.02,0.7422157205027456,Medium Discount
10689,45,Male,43604.64,3,20,143.42,0.7453715049701647,Medium Discount
10690,25,Male,67226.69,6,20,176.8,0.6961362344616673,Low Discount
10691,45,Male,51699.06,2,10,120.1,0.7426042126746318,Medium Discount
10692,53,Female,28425.83,8,30,207.85,0.7851800520646112,Medium Discount
10693,43,Female,63788.43,3,30,180.91,0.7424277391260838,Medium Discount
10694,25,Female,39977.84,6,20,163.73,0.6987300867036794,Low Discount
10695,45,Male,78099.47,4,5,142.2,0.7483546260465046,Medium Discount
10696,45,Male,66200.72,5,10,134.99,0.7511026392069109,Medium Discount
10697,54,Male,43290.17,6,30,201.52,0.7797958103904837,Medium Discount
10698,58,Female,69215.25,1,20,146.8,0.780173553247262,Medium Discount
10699,53,Female,51017.83,5,10,142.5,0.7768696044099473,Medium Discount
10700,44,Male,62791.61,7,5,149.8,0.7538129915933133,Medium Discount
10701,34,Female,57270.99,6,20,157.74,0.7248186852159202,Medium Discount
10702,26,Male,37304.65,6,0,130.53,0.6988735948884166,Low Discount
10703,50,Male,40346.75,7,25,197.06,0.7710332230610013,Medium Discount
10704,37,Female,65449.41,4,5,117.61,0.7279104938043507,Medium Discount
10705,30,Male,44978.37,3,15,141.58,0.7020435293885332,Medium Discount
10706,45,Female,43945.27,8,15,175.36,0.7621467331419904,Medium Discount
10707,46,Male,35673.16,4,5,106.51,0.7510286188077285,Medium Discount
10708,30,Female,56353.99,5,15,167.59,0.7104497426527364,Medium Discount
10709,63,Female,80937.87,5,30,201.16,0.8059111878008016,High Discount
10710,52,Female,33987.01,3,5,117.05,0.7682776773279003,Medium Discount
10711,23,Male,50363.29,9,0,152.52,0.6986977212123218,Low Discount
10712,35,Male,71183.31,8,5,171.66,0.7306628679792727,Medium Discount
10713,22,Female,48805.38,6,20,178.19,0.6901078344285987,Low Discount
10714,64,Female,56785.58,3,20,157.72,0.8030611630003668,High Discount
10715,42,Male,34064.1,5,10,134.18,0.7422727935905622,Medium Discount
10716,19,Male,56424.61,5,15,148.44,0.6759392058274821,Low Discount
10717,27,Male,47192.84,5,25,176.72,0.6990043886629497,Low Discount
10718,47,Female,64785.95,3,15,153.06,0.7539887774959787,Medium Discount
10719,62,Male,67810.79,7,30,222.1,0.8058403518523769,High Discount
10720,22,Male,88843.45,3,5,135.93,0.6791538571589725,Low Discount
10721,50,Female,58694.5,0,25,120.89,0.754199958676276,Medium Discount
10722,18,Male,54886.94,6,25,185.81,0.6758507298338611,Low Discount
10723,35,Male,52915.76,6,15,158.77,0.7249536693566213,Medium Discount
10724,49,Male,44702.51,4,25,155.82,0.7597413641250139,Medium Discount
10725,64,Female,55077.26,5,25,189.08,0.8086691302637512,High Discount
10726,28,Female,45568.98,9,20,174.53,0.7158503449947768,Medium Discount
10727,38,Female,52526.91,5,0,124.63,0.733542314739091,Medium Discount
10728,43,Female,69763.96,4,5,142.67,0.7452663334556866,Medium Discount
10729,42,Female,34901.86,3,15,126.85,0.7393923553578275,Medium Discount
10730,39,Female,67098.18,6,20,180.81,0.739313465360522,Medium Discount
10731,44,Female,69756.73,2,30,185.55,0.7425386681441442,Medium Discount
10732,30,Male,48228.97,6,30,189.48,0.7104849391251986,Medium Discount
10733,50,Male,18172.18,6,10,138.69,0.7681125371459996,Medium Discount
10734,51,Female,40882.67,6,25,171.76,0.7738485632560546,Medium Discount
10735,58,Male,69454.92,5,25,175.05,0.7886760760388521,Medium Discount
10736,52,Male,49656.98,3,15,139.29,0.7656251470027212,Medium Discount
10737,18,Female,35010.47,4,0,99.24,0.6728653184680877,Low Discount
10738,38,Male,42428.38,4,0,86.0,0.7279508856041021,Medium Discount
10739,23,Male,62609.3,5,15,172.96,0.6875265311260489,Low Discount
10740,45,Male,58201.0,4,15,144.45,0.7482537869258338,Medium Discount
10741,34,Male,46416.02,4,20,160.31,0.7164151104404136,Medium Discount
10742,22,Male,44497.63,5,30,203.3,0.6845457511258872,Low Discount
10743,48,Female,44123.63,5,15,152.04,0.7623896877263321,Medium Discount
10744,22,Female,36163.85,5,30,195.81,0.6872354589299716,Low Discount
10745,55,Female,74230.64,7,10,159.48,0.7883818556661011,Medium Discount
10746,20,Male,45165.19,3,30,185.79,0.6731545179938454,Low Discount
10747,40,Female,68257.38,2,20,141.87,0.7309750866593302,Medium Discount
10748,54,Male,72819.74,4,25,175.2,0.7743288323783313,Medium Discount
10749,54,Male,64974.66,4,25,162.44,0.7742890760066709,Medium Discount
10750,27,Male,43525.7,6,30,197.45,0.7017941170061869,Medium Discount
10751,27,Male,56055.95,3,25,170.84,0.6934326796009338,Low Discount
10752,36,Female,49637.07,5,25,184.99,0.7277496783207756,Medium Discount
10753,34,Female,36444.47,5,5,106.41,0.7219048307898028,Medium Discount
10754,38,Male,54865.39,5,10,146.18,0.7308222246603816,Medium Discount
10755,31,Female,32314.4,5,20,160.28,0.7132169134661833,Medium Discount
10756,26,Male,67815.19,3,20,164.06,0.6906032758773418,Low Discount
10757,63,Female,43030.74,10,25,206.29,0.8197606477310778,High Discount
10758,18,Female,53017.39,5,0,91.46,0.6757648840576944,Low Discount
10759,62,Male,54249.32,4,20,166.19,0.7973466899041518,Medium Discount
10760,30,Female,46116.43,4,10,128.6,0.7075895497098997,Medium Discount
10761,21,Male,58800.41,7,15,175.7,0.6873458617405864,Low Discount
10762,18,Female,42876.45,3,10,119.49,0.670096868511251,Low Discount
10763,57,Male,63069.46,6,25,194.38,0.7885630329865179,Medium Discount
10764,49,Male,29810.3,2,25,150.78,0.7540492706525356,Medium Discount
10765,51,Female,51895.69,4,5,101.88,0.768287749254509,Medium Discount
10766,45,Female,79083.93,4,30,207.95,0.751091555728844,Medium Discount
10767,48,Male,34995.03,4,20,147.68,0.7568031738882636,Medium Discount
10768,25,Female,39833.83,8,30,225.19,0.7043459813928838,Medium Discount
10769,56,Female,57708.62,5,30,189.26,0.7855704986485298,Medium Discount
10770,43,Male,52693.73,8,20,183.53,0.753681135176516,Medium Discount
10771,51,Male,55259.45,5,20,166.15,0.7683811672119789,Medium Discount
10772,20,Female,57337.81,7,25,202.17,0.6871813946868066,Low Discount
10773,29,Male,59520.82,8,20,191.02,0.7132697913037666,Medium Discount
10774,18,Male,66645.5,3,0,113.05,0.6674853817489913,Low Discount
10775,61,Male,56147.28,4,0,106.2,0.7944673123482056,Medium Discount
10776,22,Female,46381.14,6,15,159.04,0.6900955491508917,Low Discount
10777,47,Female,60088.61,4,20,184.41,0.7567732851130938,Medium Discount
10778,47,Male,78498.23,4,5,137.32,0.7541346384632399,Medium Discount
10779,34,Female,48010.49,6,15,163.88,0.724771755945631,Medium Discount
10780,64,Male,35382.06,2,25,131.47,0.7974124437696674,Medium Discount
10781,40,Female,66606.21,4,20,178.85,0.7365833435407478,Medium Discount
10782,32,Male,48194.28,2,0,100.76,0.7050295059829045,Medium Discount
10783,54,Male,17409.96,8,5,128.06,0.7852812821990642,Medium Discount
10784,38,Female,62711.33,7,15,185.32,0.7392105506283532,Medium Discount
10785,31,Male,41970.08,2,5,102.78,0.7021089679019356,Medium Discount
10786,19,Female,48642.0,5,20,164.79,0.6786317067859216,Low Discount
10787,28,Female,54979.7,6,10,163.4,0.7074730988031142,Medium Discount
10788,56,Male,52857.5,7,5,139.81,0.7884305984485441,Medium Discount
10789,55,Male,60641.78,7,5,141.6,0.7855810508912253,Medium Discount
10790,51,Female,43467.7,7,25,192.31,0.7766699756094234,Medium Discount
10791,55,Male,57696.59,6,0,132.13,0.7827578133614634,Medium Discount
10792,51,Male,46106.8,5,20,172.72,0.7683347844912065,Medium Discount
10793,35,Male,61082.16,5,5,131.53,0.7221867418328476,Medium Discount
10794,47,Male,59230.51,8,20,185.12,0.765270244755281,Medium Discount
10795,32,Male,35968.42,7,0,149.27,0.7190091104260256,Medium Discount
10796,44,Female,66289.73,4,25,166.78,0.7481377229763346,Medium Discount
10797,51,Female,41960.55,5,20,161.53,0.7710457133662065,Medium Discount
10798,55,Male,62120.87,8,30,227.86,0.7883968586922282,Medium Discount
10799,50,Male,55509.31,5,0,129.27,0.7654934376091277,Medium Discount
10800,41,Male,77572.76,2,0,99.11,0.7311793491059227,Medium Discount
10801,32,Female,46648.01,3,15,116.07,0.710561922973121,Medium Discount
10802,47,Male,44760.25,7,25,184.98,0.7623886018343274,Medium Discount
10803,59,Female,49708.71,3,25,169.97,0.7885803206032583,Medium Discount
10804,34,Female,45452.3,8,30,218.1,0.7303754163380105,Medium Discount
10805,22,Female,61999.13,1,20,145.7,0.6761331349443265,Low Discount
10806,46,Male,25755.34,5,10,134.99,0.7537866706916805,Medium Discount
10807,21,Female,34194.76,3,30,179.5,0.6787198599077693,Low Discount
10808,27,Male,33982.96,5,15,136.73,0.6989374451902421,Low Discount
10809,34,Female,64254.61,5,25,172.65,0.7220457637390865,Medium Discount
10810,27,Male,75659.2,2,0,107.53,0.6907237103974351,Low Discount
10811,34,Female,48433.26,7,25,182.23,0.727582210652655,Medium Discount
10812,37,Male,47467.67,2,30,152.12,0.7194708028239288,Medium Discount
10813,41,Female,51050.78,4,10,144.76,0.7393935093801457,Medium Discount
10814,22,Male,67428.17,5,5,138.72,0.6846619558134892,Low Discount
10815,51,Male,36089.7,4,5,112.83,0.7654757087695705,Medium Discount
10816,23,Male,53575.53,4,25,171.78,0.6846724386082736,Low Discount
10817,19,Male,64627.96,5,25,183.75,0.6759807777976162,Low Discount
10818,30,Female,57516.41,4,15,160.43,0.707647321184735,Medium Discount
10819,60,Female,52843.72,4,25,155.78,0.7942935158943466,Medium Discount
10820,60,Male,65015.69,5,10,131.95,0.7944315710601588,Medium Discount
10821,28,Female,15000.0,7,25,166.64,0.7100788066352414,Medium Discount
10822,64,Male,60168.13,6,20,180.98,0.8087713006656906,High Discount
10823,40,Male,40188.86,6,30,211.15,0.7393341525425559,Medium Discount
10824,33,Female,22540.51,8,10,158.96,0.7273703108555423,Medium Discount
10825,48,Male,57668.04,5,15,162.26,0.7597263857387422,Medium Discount
10826,28,Male,70604.88,2,20,150.5,0.6935870925242392,Low Discount
10827,33,Female,47938.27,4,20,142.64,0.7162657696576151,Medium Discount
10828,25,Male,64293.12,6,30,210.3,0.6961213680614251,Low Discount
10829,21,Male,74184.17,3,5,143.85,0.6761905727738913,Low Discount
10830,57,Male,69723.72,3,10,131.46,0.7801718179317936,Medium Discount
10831,21,Male,74599.47,5,30,196.69,0.6818093018683833,Low Discount
10832,42,Female,61131.91,5,20,168.21,0.7451419053993741,Medium Discount
10833,20,Female,51131.5,6,15,167.06,0.6843416308375235,Low Discount
10834,49,Female,25970.51,2,30,155.1,0.7567617525693986,Medium Discount
10835,20,Male,46309.06,6,5,142.75,0.6815852514925543,Low Discount
10836,44,Male,37351.3,4,20,150.34,0.745259131459992,Medium Discount
10837,46,Female,82564.14,3,30,187.87,0.751189875897694,Medium Discount
10838,49,Male,47361.71,4,10,132.97,0.7597548401053122,Medium Discount
10839,36,Male,51848.07,2,5,99.03,0.7166040054847891,Medium Discount
10840,38,Male,58272.28,6,10,169.54,0.7336478019389792,Medium Discount
10841,22,Male,50654.04,8,10,172.56,0.6930018865839391,Low Discount
10842,35,Female,75425.77,5,10,141.72,0.7249913714408048,Medium Discount
10843,45,Female,40660.26,6,30,185.87,0.7565134612694366,Medium Discount
10844,59,Female,52919.11,5,5,134.61,0.7942132143760491,Medium Discount
10845,39,Male,38862.94,5,30,186.26,0.7336301251445172,Medium Discount
10846,38,Female,30199.66,6,30,191.12,0.7362374795764898,Medium Discount
10847,23,Female,40823.46,4,30,175.49,0.687339755923116,Low Discount
10848,18,Male,49444.45,4,20,161.27,0.670206524538483,Low Discount
10849,22,Male,43560.47,5,25,172.59,0.6845410018969099,Low Discount
10850,58,Female,39613.69,5,0,115.44,0.7912567909230853,Medium Discount
10851,29,Female,28905.24,4,20,154.18,0.704613333056135,Medium Discount
10852,43,Female,48753.42,4,5,134.94,0.7451598587177586,Medium Discount
10853,63,Female,27429.19,7,0,114.57,0.8112566473059097,High Discount
10854,51,Male,61400.84,5,0,120.59,0.7684122898242851,Medium Discount
10855,31,Female,51236.6,4,0,95.43,0.7105044929177756,Medium Discount
10856,43,Female,28136.73,3,25,168.83,0.7422470676433809,Medium Discount
10857,62,Male,45361.86,9,30,199.93,0.8113432122972684,High Discount
10858,44,Female,38717.65,6,15,171.69,0.7536146209255637,Medium Discount
10859,26,Male,54787.62,6,5,138.83,0.6989621930229222,Low Discount
10860,43,Male,70106.76,4,25,183.74,0.7425361299051203,Medium Discount
10861,64,Male,21872.41,7,25,177.78,0.8113855423731573,High Discount
10862,39,Female,51725.39,6,15,161.67,0.7392355609474763,Medium Discount
10863,64,Female,47598.01,6,0,127.68,0.811439540045295,High Discount
10864,47,Male,60070.1,2,30,154.67,0.7484246260721933,Medium Discount
10865,60,Female,53197.95,6,15,155.58,0.7999119355054914,Medium Discount
10866,34,Female,38720.46,4,15,130.41,0.7191080525405819,Medium Discount
10867,43,Male,45214.19,7,25,195.58,0.7508349190023251,Medium Discount
10868,53,Male,38059.61,8,5,145.57,0.7824969322472851,Medium Discount
10869,18,Female,66140.11,6,10,162.25,0.6786396980742817,Low Discount
10870,25,Male,50319.67,3,30,175.81,0.6876256183295196,Low Discount
10871,52,Female,78517.86,4,15,169.34,0.7713116577633686,Medium Discount
10872,32,Female,49090.09,5,30,182.14,0.7161909231443839,Medium Discount
10873,64,Female,39373.9,3,15,131.77,0.8029729261409198,High Discount
10874,39,Female,27294.28,5,0,114.74,0.7363034396050593,Medium Discount
10875,31,Male,22952.9,8,30,209.57,0.7188624683371623,Medium Discount
10876,43,Male,26237.96,8,0,112.32,0.7535470657438678,Medium Discount
10877,45,Male,54006.9,5,25,169.29,0.7510408448033001,Medium Discount
10878,40,Male,57630.88,5,0,118.0,0.7366142309124251,Medium Discount
10879,31,Female,26282.14,8,30,199.79,0.7216112806191873,Medium Discount
10880,41,Female,63425.57,5,20,171.06,0.7422645331252435,Medium Discount
10881,19,Male,42754.08,4,30,186.34,0.6730616156839517,Low Discount
10882,62,Female,52201.9,3,15,140.49,0.7972599427393663,Medium Discount
10883,43,Female,74183.31,7,0,146.57,0.7537136660458321,Medium Discount
10884,31,Female,63452.59,4,5,132.93,0.710566399671899,Medium Discount
10885,24,Male,45972.04,4,20,165.73,0.6875229023518433,Low Discount
10886,20,Male,36632.12,5,25,140.26,0.6787278995936687,Low Discount
10887,64,Male,17722.77,3,10,104.0,0.8001312643445035,High Discount
10888,40,Female,39212.7,5,15,138.28,0.7392528341829201,Medium Discount
10889,63,Male,46833.05,4,15,147.67,0.8001981024191682,High Discount
10890,60,Male,35192.31,6,5,123.48,0.7970887478935736,Medium Discount
10891,64,Male,48031.15,5,10,139.77,0.805901482066078,High Discount
10892,62,Male,51152.78,5,10,149.1,0.8001393098668077,High Discount
10893,35,Male,46627.16,2,25,145.78,0.7136885517586162,Medium Discount
10894,55,Male,40249.96,5,25,176.25,0.7798610871434728,Medium Discount
10895,52,Female,52529.82,3,20,165.8,0.7683716463946259,Medium Discount
10896,32,Female,56629.11,3,15,148.13,0.7106125040151473,Medium Discount
10897,42,Male,33644.01,5,0,90.96,0.7422706647079796,Medium Discount
10898,54,Male,71163.99,4,25,177.16,0.774320441563658,Medium Discount
10899,45,Female,48521.18,3,5,114.32,0.7481283611840216,Medium Discount
10900,27,Female,50282.74,4,5,125.17,0.6989436758028822,Low Discount
10901,56,Male,60623.22,2,5,106.29,0.7744283914336842,Medium Discount
10902,34,Male,53498.24,6,30,193.35,0.7220676253661974,Medium Discount
10903,56,Male,64297.05,7,25,201.33,0.788488570451561,Medium Discount
10904,39,Male,54306.86,3,25,152.78,0.7280917655356854,Medium Discount
10905,43,Female,40813.44,5,5,133.9,0.7479279336661183,Medium Discount
10906,61,Male,55422.55,4,25,190.9,0.7944636396469413,Medium Discount
10907,42,Male,32844.11,6,30,193.37,0.7450749233121039,Medium Discount
10908,34,Male,51628.4,6,0,121.49,0.7220581496114588,Medium Discount
10909,30,Male,49501.55,2,0,100.16,0.6992581391838996,Low Discount
10910,37,Female,46878.25,2,20,147.16,0.7221997565827303,Medium Discount
10911,42,Female,48071.94,5,15,148.78,0.7450757216228934,Medium Discount
10912,21,Female,21772.26,2,0,76.41,0.6758485943835574,Low Discount
10913,27,Male,41769.13,7,20,170.79,0.7045935275108556,Medium Discount
10914,20,Male,51392.67,4,10,134.34,0.6759943891259588,Low Discount
10915,58,Female,52397.85,5,15,156.69,0.79132157698216,Medium Discount
10916,62,Male,34584.87,7,0,115.49,0.8056719734516115,High Discount
10917,35,Male,68985.62,5,30,188.75,0.7222267940557902,Medium Discount
10918,64,Female,37007.38,7,10,136.24,0.8141941823420384,High Discount
10919,53,Female,64541.86,1,20,144.44,0.7657048909227798,Medium Discount
10920,64,Female,56407.92,3,0,102.09,0.8030592491395366,High Discount
10921,39,Female,40306.59,4,0,101.32,0.7335610696127566,Medium Discount
10922,51,Male,76629.66,9,25,227.46,0.7797227136153494,Medium Discount
10923,64,Male,32095.45,4,10,114.04,0.8030124127610357,High Discount
10924,25,Female,63787.31,5,0,111.19,0.6960424332860753,Low Discount
10925,57,Male,65008.73,6,5,145.42,0.7885728605904262,Medium Discount
10926,61,Female,39940.7,6,30,175.68,0.802733747790588,High Discount
10927,36,Female,70886.98,3,25,169.35,0.7222407416236664,Medium Discount
10928,59,Male,46249.3,3,25,184.29,0.7858308486610516,Medium Discount
10929,58,Female,54330.4,5,0,103.68,0.7913313705312446,Medium Discount
10930,54,Male,53904.83,7,30,203.65,0.7826579143562485,Medium Discount
10931,23,Male,47985.37,6,25,163.26,0.6902607339404904,Low Discount
10932,43,Male,62162.12,6,15,164.24,0.7481124934811348,Medium Discount
10933,51,Male,61902.33,4,10,157.62,0.7656065189731389,Medium Discount
10934,62,Female,23772.02,7,15,160.06,0.8083491181169781,High Discount
10935,23,Male,69565.1,4,20,160.64,0.6847534686662985,Low Discount
10936,54,Female,25062.62,8,15,185.85,0.7880520041993284,Medium Discount
10937,50,Female,65488.19,5,30,180.32,0.7682759481528972,Medium Discount
10938,39,Female,66900.58,5,5,140.49,0.7365041517434813,Medium Discount
10939,38,Female,33635.5,4,25,161.97,0.7306382668353244,Medium Discount
10940,23,Male,43837.79,5,30,184.45,0.687431403080422,Low Discount
10941,23,Male,33414.43,2,25,153.28,0.6789536440761405,Low Discount
10942,21,Female,46776.18,3,5,98.07,0.6787836185449706,Low Discount
10943,47,Female,45379.49,7,25,194.32,0.7651236806978022,Medium Discount
10944,28,Male,61694.91,5,15,160.2,0.7019668763577244,Medium Discount
10945,47,Female,69654.63,6,20,174.12,0.7624383871477318,Medium Discount
10946,48,Male,70935.26,7,0,160.97,0.7654102442784495,Medium Discount
10947,41,Female,41567.48,2,5,97.47,0.7337288265441729,Medium Discount
10948,26,Male,46861.67,7,15,165.54,0.7017303390708621,Medium Discount
10949,20,Female,24748.43,5,30,167.1,0.681399617582312,Low Discount
10950,48,Female,37911.95,5,15,144.82,0.7623582089066495,Medium Discount
10951,57,Male,64472.77,7,15,199.08,0.7913784567585697,Medium Discount
10952,54,Female,74233.74,6,0,132.59,0.7826845633189561,Medium Discount
10953,53,Female,31484.77,5,10,135.93,0.7767706170710007,Medium Discount
10954,41,Male,41113.04,0,25,142.56,0.725377958348605,Medium Discount
10955,48,Female,49603.91,7,25,191.49,0.7680340845294176,Medium Discount
10956,23,Male,54202.42,5,30,188.01,0.6874839277305724,Low Discount
10957,19,Male,37855.95,5,20,163.65,0.6758451057611737,Low Discount
10958,37,Female,56360.92,6,30,198.77,0.7334810607121701,Medium Discount
10959,45,Female,42892.41,8,10,157.13,0.7621413975821917,Medium Discount
10960,28,Female,49783.22,4,25,178.79,0.7018301402082148,Medium Discount
10961,21,Female,58194.26,6,20,176.4,0.6872664184740125,Low Discount
10962,32,Female,50096.33,4,30,194.18,0.7133877102057887,Medium Discount
10963,23,Female,43454.21,1,20,128.81,0.6789281509986977,Low Discount
10964,47,Female,48355.85,3,15,122.51,0.7539055149719487,Medium Discount
10965,55,Male,48674.56,4,5,84.58,0.7770954680952229,Medium Discount
10966,19,Female,44449.83,5,15,131.34,0.6786104622009609,Low Discount
10967,32,Male,46118.06,4,0,88.4,0.7106356088460363,Medium Discount
10968,28,Female,73979.71,5,25,192.16,0.7047610725710524,Medium Discount
10969,25,Female,58413.79,2,20,135.49,0.6875902652656798,Low Discount
10970,43,Male,45567.8,2,30,144.04,0.7367951497701332,Medium Discount
10971,62,Female,60454.32,5,5,131.42,0.8029183878667688,High Discount
10972,61,Female,44992.71,5,30,176.68,0.7999510375282909,Medium Discount
10973,22,Male,67596.87,5,25,190.93,0.6846628107314632,Low Discount
10974,23,Female,55544.63,6,20,180.16,0.6930309826192443,Low Discount
10975,43,Female,48390.47,4,20,161.64,0.7451580194025325,Medium Discount
10976,21,Female,56715.75,9,15,162.28,0.6956838625844788,Low Discount
10977,36,Male,26436.86,7,5,132.17,0.7305167907654451,Medium Discount
10978,37,Female,33098.49,2,5,93.84,0.7221299251393352,Medium Discount
10979,50,Female,32091.12,3,25,140.33,0.7624900779322299,Medium Discount
10980,37,Female,52144.15,4,20,136.7,0.7278430669761224,Medium Discount
10981,29,Female,75987.72,6,5,147.41,0.7104685565843895,Medium Discount
10982,64,Male,83469.5,7,5,170.88,0.8116976968449072,High Discount
10983,18,Male,59570.77,4,30,160.97,0.6702578415093069,Low Discount
10984,43,Female,57512.67,5,25,172.93,0.7480125600554377,Medium Discount
10985,31,Female,22984.13,5,15,140.31,0.7131696306237124,Medium Discount
10986,55,Male,41859.89,3,30,181.18,0.7742526212708444,Medium Discount
10987,54,Male,38183.24,3,30,164.97,0.7713449933634651,Medium Discount
10988,28,Female,40687.29,7,10,170.65,0.7102089816555327,Medium Discount
10989,53,Male,47477.84,3,0,79.79,0.7685030996278084,Medium Discount
10990,30,Female,42918.64,8,10,140.29,0.7188065932989011,Medium Discount
10991,60,Male,20310.5,8,5,146.83,0.8026299560972029,High Discount
10992,20,Male,61218.65,5,20,147.11,0.6788524963121877,Low Discount
10993,50,Male,33908.85,5,0,111.57,0.7653839733441623,Medium Discount
10994,23,Male,53588.7,3,0,97.85,0.6818641931065939,Low Discount
10995,27,Female,81111.24,3,20,155.55,0.6962915925981218,Low Discount
10996,22,Male,36209.23,6,0,111.84,0.6873120603924421,Low Discount
10997,40,Male,15000.0,5,20,134.61,0.7363981911640111,Medium Discount
10998,27,Female,45709.94,4,0,101.67,0.6989205023060755,Low Discount
10999,61,Male,66514.39,6,30,206.43,0.8001364740523145,High Discount
11000,19,Male,79375.21,3,25,172.03,0.6704388876866807,Low Discount
