customer_id,age,gender,income,previous_purchases,discount,sales
10001,56,Male,41672.01,3,10,134.37
10002,46,Female,78217.36,8,10,156.26
10003,32,Female,28279.79,6,15,159.31
10004,60,Female,17017.91,7,10,155.53
10005,25,Male,56600.22,10,0,143.45
10006,38,Male,42469.19,5,10,129.53
10007,56,Male,34681.51,6,15,158.02
10008,36,Male,60625.35,2,25,149.95
10009,40,Male,53657.01,5,10,155.47
10010,28,Male,41538.82,3,20,155.36
10011,28,Male,30795.43,4,30,158.55
10012,41,Male,63086.86,10,20,204.11
10013,53,Female,59753.02,3,20,161.57
10014,57,Female,48512.36,2,25,160.06
10015,41,Male,77699.55,6,5,171.53
10016,20,Male,33948.73,4,30,165.18
10017,39,Female,27117.12,4,20,160.15
10018,19,Male,39621.38,8,20,174.67
10019,41,Male,49316.21,5,5,132.16
10020,61,Male,53650.09,4,25,180.25
10021,47,Female,46381.46,7,30,174.25
10022,55,Female,55280.83,4,20,168.75
10023,19,Female,31226.91,2,15,132.96
10024,38,Female,71656.47,2,25,175.29
10025,50,Female,48767.73,3,30,193.92
10026,29,Male,66759.44,3,20,167.03
10027,39,Female,55140.88,8,20,186.2
10028,61,Male,56851.3,6,5,151.32
10029,42,Male,58546.51,0,30,148.33
10030,44,Female,56715.63,8,15,180.68
10031,59,Female,59640.84,5,25,190.64
10032,45,Male,69937.29,4,10,146.45
10033,33,Male,52947.82,5,0,129.99
10034,32,Male,60635.06,7,15,198.7
10035,64,Female,48653.96,6,10,135.95
10036,61,Female,71601.76,3,15,144.02
10037,20,Female,39854.12,4,30,180.09
10038,54,Female,77014.11,2,10,124.88
10039,24,Female,49397.63,4,30,180.94
10040,38,Male,28538.37,1,10,105.03
10041,26,Female,51921.57,9,15,191.89
10042,56,Male,39784.23,3,5,108.87
10043,35,Male,62609.65,1,15,128.28
10044,21,Male,40210.64,5,30,182.87
10045,42,Female,43307.25,4,15,155.2
10046,31,Female,21656.89,6,10,150.46
10047,26,Female,43215.41,5,0,121.8
10048,43,Male,15000.0,8,10,135.01
10049,19,Male,26241.46,5,20,150.5
10050,37,Male,61406.22,7,15,176.2
10051,45,Male,61787.0,4,25,165.99
10052,64,Male,56381.86,1,15,124.48
10053,24,Male,35495.36,5,5,120.47
10054,61,Female,49284.33,4,30,192.48
10055,25,Female,49945.96,3,25,156.49
10056,64,Female,32624.53,2,10,118.95
10057,52,Female,72550.97,12,5,185.2
10058,31,Male,63160.43,5,15,150.9
10059,34,Male,46685.54,10,10,174.55
10060,53,Female,50403.29,6,10,148.68
10061,57,Male,53125.74,1,20,110.4
10062,21,Female,19373.98,6,20,162.28
10063,19,Female,46292.34,2,0,106.24
10064,23,Female,39770.24,4,20,158.4
10065,59,Male,34975.7,5,30,180.38
10066,21,Female,45783.5,8,25,188.55
10067,46,Female,76965.3,4,10,127.35
10068,35,Female,59612.64,2,20,129.38
10069,43,Male,41432.32,1,0,77.41
10070,61,Male,58588.74,8,15,201.86
10071,51,Female,70990.33,8,25,184.82
10072,27,Male,63869.51,4,20,170.94
10073,53,Male,50894.46,1,10,101.67
10074,31,Male,40295.95,9,15,176.29
10075,48,Male,60473.35,4,30,177.86
10076,32,Male,55902.28,2,10,105.28
10077,25,Male,63427.9,4,15,152.47
10078,31,Male,59527.58,3,30,181.39
10079,40,Male,65743.29,8,30,228.56
10080,57,Male,41971.47,9,25,188.63
10081,38,Male,69760.91,4,10,150.62
10082,33,Female,52963.99,4,20,167.4
10083,62,Female,81128.91,5,20,184.81
10084,35,Male,39662.18,11,0,153.62
10085,64,Female,76039.46,8,15,192.6
10086,41,Female,52968.66,6,0,122.88
10087,43,Male,40228.73,2,5,108.3
10088,42,Male,42741.71,8,20,181.71
10089,62,Male,45194.79,7,15,167.18
10090,58,Female,56362.49,6,25,171.3
10091,46,Female,57842.53,5,0,121.97
10092,32,Male,41394.5,3,25,149.7
10093,62,Male,49634.68,5,25,182.44
10094,18,Male,82134.06,3,25,185.45
10095,42,Female,75913.15,3,0,105.86
10096,24,Female,56544.86,7,5,147.08
10097,26,Female,50570.05,4,30,184.03
10098,41,Female,51800.47,4,30,186.58
10099,18,Male,59202.77,6,0,135.5
10100,61,Male,34658.11,6,30,196.92
10101,25,Male,46139.35,3,10,118.27
10102,41,Male,24971.24,4,30,185.47
10103,28,Female,55988.35,6,20,183.51
10104,34,Female,59707.94,6,0,141.91
10105,25,Male,42752.2,6,30,197.84
10106,52,Male,73609.8,6,0,138.86
10107,52,Female,31613.52,3,5,101.13
10108,50,Male,28034.38,5,10,124.58
10109,22,Female,53366.78,2,0,102.44
10110,59,Male,65706.47,5,20,175.5
10111,56,Male,75258.92,3,30,185.31
10112,58,Male,43116.74,3,20,135.33
10113,45,Male,66180.21,5,30,213.64
10114,24,Male,49422.37,11,0,163.84
10115,26,Male,47410.59,7,25,179.94
10116,25,Male,63254.9,7,30,213.44
10117,29,Female,59784.84,4,25,172.38
10118,51,Female,26354.12,1,10,93.76
10119,50,Female,72148.11,4,20,173.84
10120,40,Female,70701.37,5,25,185.86
10121,41,Female,40616.56,4,20,149.25
10122,54,Male,55937.05,4,30,198.59
10123,52,Male,57410.45,7,30,192.31
10124,61,Female,53910.11,6,10,149.44
10125,57,Male,41745.42,8,30,219.16
10126,39,Female,39925.65,4,10,133.23
10127,44,Female,49616.69,3,25,171.51
10128,52,Male,67590.94,0,30,179.01
10129,18,Male,58154.0,4,0,128.07
10130,52,Male,44440.79,1,15,106.17
10131,54,Female,61575.48,4,5,109.18
10132,64,Male,15000.0,3,15,122.27
10133,31,Female,67231.49,5,15,147.57
10134,20,Female,23904.29,6,20,140.69
10135,18,Female,44563.39,6,10,148.44
10136,22,Male,33204.95,4,20,154.27
10137,43,Male,30579.78,4,25,176.9
10138,31,Female,67412.4,5,5,143.89
10139,56,Male,42984.48,1,25,161.19
10140,44,Male,55197.56,9,0,153.15
10141,26,Male,49296.19,7,5,131.79
10142,32,Female,57155.61,5,20,176.8
10143,32,Female,51152.33,4,30,195.92
10144,43,Male,30755.12,5,30,184.29
10145,59,Female,64944.0,4,20,178.98
10146,30,Male,42593.65,1,25,140.56
10147,49,Male,26651.27,3,20,142.78
10148,56,Male,43578.27,7,20,176.05
10149,49,Male,72511.4,6,15,195.55
10150,21,Female,62753.33,10,0,169.79
10151,47,Female,44770.22,4,30,168.22
10152,54,Female,44761.13,5,15,168.41
10153,40,Male,45175.47,6,20,163.26
10154,56,Male,81151.22,6,10,163.71
10155,62,Male,55729.03,8,15,184.05
10156,32,Female,56450.62,4,20,165.73
10157,60,Male,65454.25,3,30,186.56
10158,46,Female,53581.84,3,20,139.46
10159,53,Female,46114.37,9,0,149.93
10160,30,Female,47054.75,7,25,203.03
10161,49,Female,48925.98,2,5,113.68
10162,24,Female,49441.67,2,15,115.2
10163,39,Female,60914.44,4,15,143.4
10164,45,Male,50779.19,6,15,150.44
10165,19,Male,60989.6,9,20,205.89
10166,59,Female,48789.25,11,0,146.88
10167,62,Female,51179.53,4,20,146.36
10168,23,Male,20026.99,7,20,159.36
10169,45,Female,63744.92,7,25,182.4
10170,45,Female,55197.33,3,10,126.32
10171,61,Male,64970.15,7,0,117.42
10172,61,Female,15000.0,5,15,139.85
10173,37,Female,81325.62,2,5,115.19
10174,47,Female,47906.16,9,15,177.21
10175,28,Male,66622.74,6,20,176.7
10176,45,Male,34401.41,3,0,90.6
10177,42,Male,59191.61,6,30,208.52
10178,56,Female,34198.77,3,0,104.27
10179,50,Female,40643.47,2,0,96.46
10180,18,Male,78710.47,8,10,200.67
10181,44,Female,47139.76,4,15,149.82
10182,30,Female,53261.49,5,10,143.03
10183,58,Female,63051.02,4,30,183.96
10184,20,Female,57435.23,3,30,173.48
10185,56,Female,52256.28,4,25,176.02
10186,23,Male,55474.42,3,5,104.24
10187,25,Female,86051.23,11,25,245.82
10188,44,Male,49135.72,6,20,172.38
10189,26,Female,53016.49,5,10,134.23
10190,54,Male,65759.82,5,10,137.37
10191,50,Female,66582.89,5,25,211.04
10192,59,Male,67805.45,3,20,143.94
10193,61,Female,59580.95,6,0,127.11
10194,41,Male,32854.93,4,20,160.65
10195,32,Female,74501.47,5,15,170.04
10196,49,Male,32804.82,3,25,148.17
10197,49,Female,54539.53,7,20,171.35
10198,41,Male,38685.86,3,0,94.64
10199,58,Male,49037.92,6,20,146.12
10200,29,Female,54931.44,7,10,160.16
10201,56,Female,54820.36,1,5,98.26
10202,19,Male,56328.81,6,10,161.87
10203,20,Female,74205.67,4,30,182.67
10204,54,Male,56803.01,2,5,103.67
10205,34,Male,46337.65,2,30,168.54
10206,19,Male,64461.31,5,20,174.29
10207,19,Female,67842.06,5,15,147.99
10208,45,Male,31585.88,3,20,133.32
10209,40,Male,58961.0,5,0,133.48
10210,54,Female,60517.59,11,20,220.85
10211,49,Female,45536.55,2,5,84.63
10212,50,Female,70635.6,6,10,167.15
10213,18,Female,47749.17,5,15,135.38
10214,36,Male,51883.65,3,30,171.87
10215,19,Male,47403.92,4,20,161.33
10216,61,Male,50233.69,10,20,217.25
10217,43,Male,33555.87,1,10,76.4
10218,49,Female,28399.24,8,15,172.82
10219,23,Male,73917.58,3,25,182.08
10220,49,Male,37295.58,5,30,178.08
10221,21,Female,35129.11,4,20,150.47
10222,28,Male,17699.15,11,20,166.33
10223,34,Male,40415.57,3,25,129.23
10224,55,Male,30153.65,4,30,183.16
10225,41,Male,74630.23,3,5,118.43
10226,22,Male,65147.26,3,5,115.61
10227,51,Male,39677.74,8,0,136.19
10228,23,Female,83786.54,1,10,121.23
10229,39,Female,64726.48,5,15,155.28
10230,28,Male,45127.53,7,20,182.51
10231,33,Male,15000.0,3,30,141.54
10232,50,Female,84364.14,7,20,209.78
10233,26,Male,29156.41,5,0,102.28
10234,23,Male,25319.02,7,30,183.6
10235,33,Male,65338.56,5,30,186.27
10236,46,Female,86596.29,7,20,199.72
10237,20,Male,70764.09,5,10,147.32
10238,37,Female,58458.64,4,0,95.74
10239,53,Male,58921.32,5,10,138.44
10240,36,Female,62801.23,11,0,161.31
10241,43,Female,61383.93,7,20,199.31
10242,20,Male,54217.87,6,0,126.41
10243,36,Female,51563.02,3,5,127.97
10244,37,Male,49061.1,0,30,142.43
10245,49,Female,38690.53,10,15,183.93
10246,24,Male,45789.87,5,20,166.76
10247,58,Male,24605.65,5,25,170.84
10248,50,Female,48524.91,3,15,142.97
10249,57,Male,35171.13,4,20,140.71
10250,56,Male,33446.16,2,15,111.63
10251,35,Female,52698.41,2,5,101.3
10252,57,Male,70880.03,7,15,193.75
10253,18,Male,63774.75,3,0,95.88
10254,28,Female,26442.49,1,15,103.45
10255,45,Female,35155.58,3,20,148.88
10256,42,Male,64111.57,7,25,207.32
10257,40,Male,35262.69,5,25,175.69
10258,48,Female,46630.5,5,10,139.12
10259,47,Female,58250.78,4,30,175.47
10260,59,Male,35474.83,5,15,138.33
10261,52,Female,51580.63,5,25,189.56
10262,24,Male,29989.62,3,15,134.23
10263,33,Male,40979.49,3,30,156.14
10264,43,Male,54796.73,6,25,196.59
10265,19,Male,26105.09,6,30,199.14
10266,18,Male,56607.12,4,15,148.34
10267,29,Female,49705.43,9,20,201.12
10268,22,Female,58287.35,6,15,174.76
10269,54,Female,53358.71,5,30,184.72
10270,49,Female,70462.11,5,20,198.53
10271,26,Male,51878.37,4,20,170.17
10272,58,Male,43558.92,10,10,182.02
10273,52,Male,51834.46,6,25,186.07
10274,36,Male,58149.47,2,0,100.02
10275,33,Female,50732.9,4,20,141.76
10276,20,Male,50608.88,3,30,195.13
10277,37,Male,39470.12,2,25,159.52
10278,41,Female,40056.49,5,5,137.17
10279,50,Female,28960.92,6,15,150.29
10280,41,Female,76243.65,5,30,199.52
10281,28,Female,31342.05,10,5,151.43
10282,25,Male,39606.42,5,30,192.94
10283,53,Male,39223.89,5,15,141.99
10284,55,Female,63423.87,4,10,136.84
10285,57,Male,45575.75,4,30,185.25
10286,37,Male,68716.13,3,20,151.76
10287,52,Male,39897.64,6,0,128.39
10288,42,Female,54184.91,4,20,158.92
10289,52,Male,37469.79,2,15,107.15
10290,42,Female,82177.24,9,30,231.39
10291,46,Male,32186.02,5,0,119.17
10292,35,Male,54647.31,9,20,189.95
10293,63,Male,59506.65,5,0,128.69
10294,35,Female,56206.99,5,15,156.82
10295,19,Male,47220.69,1,10,104.89
10296,52,Female,48052.69,5,10,164.15
10297,33,Female,50657.17,8,30,201.49
10298,58,Female,47794.97,6,20,164.5
10299,53,Male,64458.19,2,5,110.49
10300,50,Male,83157.85,5,15,193.24
10301,21,Male,41637.62,5,20,160.61
10302,50,Male,29452.96,4,20,149.47
10303,31,Female,48675.77,6,10,143.98
10304,38,Female,88695.64,5,30,212.93
10305,37,Female,37944.88,6,0,114.23
10306,25,Male,74586.75,5,15,171.75
10307,24,Female,75165.51,4,0,127.32
10308,20,Male,41696.18,7,25,187.01
10309,34,Female,58534.75,5,25,170.51
10310,50,Male,74425.95,7,15,181.65
10311,29,Male,44313.08,6,30,209.18
10312,39,Female,46946.29,4,5,109.71
10313,39,Female,41274.79,8,25,200.48
10314,63,Female,34778.65,4,10,112.33
10315,47,Female,40260.84,3,5,96.23
10316,55,Male,31640.9,5,20,168.82
10317,55,Female,50511.25,10,25,224.67
10318,62,Female,38450.4,6,10,145.71
10319,25,Female,53506.79,4,20,135.54
10320,44,Male,26661.57,3,5,94.3
10321,44,Male,54963.2,3,15,145.05
10322,51,Female,62502.93,5,20,156.76
10323,38,Male,20093.97,2,0,72.51
10324,47,Female,55610.85,6,15,170.97
10325,50,Male,68415.03,2,15,122.6
10326,45,Male,31855.38,5,5,101.63
10327,64,Male,75088.59,2,5,101.11
10328,50,Male,56285.29,6,10,154.49
10329,22,Female,39424.82,3,10,113.14
10330,36,Female,49163.46,5,0,123.36
10331,21,Female,58374.9,2,15,133.9
10332,52,Male,51140.08,6,30,217.38
10333,34,Female,58081.34,6,0,114.67
10334,61,Female,36189.9,7,0,127.41
10335,45,Female,52540.41,6,30,191.32
10336,47,Male,28794.28,6,30,193.4
10337,46,Male,48331.61,4,30,182.37
10338,63,Male,36441.39,4,5,102.79
10339,23,Female,38967.05,7,0,123.91
10340,52,Female,68541.4,5,0,125.0
10341,58,Female,66369.65,5,20,167.19
10342,54,Male,59137.07,8,30,225.84
10343,41,Male,33615.31,4,30,163.5
10344,46,Female,45253.87,2,10,134.54
10345,63,Male,68196.47,3,10,142.64
10346,48,Male,52125.75,4,15,149.05
10347,52,Male,84789.94,6,10,193.85
10348,50,Male,55899.77,9,25,209.36
10349,38,Female,52880.74,3,15,144.05
10350,49,Male,45363.25,5,30,189.91
10351,40,Male,52003.11,3,20,157.98
10352,50,Male,47712.95,2,10,129.82
10353,20,Male,60621.63,4,20,167.8
10354,35,Female,64350.53,9,10,189.59
10355,42,Female,38210.16,4,10,120.6
10356,59,Male,30031.51,5,20,152.95
10357,48,Male,22456.92,8,0,141.61
10358,20,Male,57619.87,8,0,148.78
10359,57,Male,33449.5,5,0,109.21
10360,63,Male,17706.64,3,25,137.82
10361,41,Male,55828.68,9,0,159.58
10362,49,Female,87394.99,2,10,126.88
10363,64,Male,49908.94,8,30,203.19
10364,39,Female,62577.36,7,5,150.94
10365,40,Female,51227.44,6,20,149.59
10366,19,Male,48516.66,9,30,227.37
10367,44,Female,63786.15,3,5,122.16
10368,59,Female,45645.88,6,30,192.29
10369,19,Female,54010.88,7,25,192.88
10370,43,Female,54825.47,7,5,144.72
10371,34,Female,39978.64,5,15,139.6
10372,57,Female,64880.64,5,0,124.29
10373,50,Male,47375.6,1,25,141.69
10374,26,Female,38663.82,7,30,201.46
10375,60,Female,58047.65,4,10,134.47
10376,56,Female,36522.98,7,0,120.74
10377,46,Male,50422.72,5,0,118.0
10378,59,Female,49863.22,5,5,135.24
10379,43,Male,66288.43,3,15,139.4
10380,52,Female,57120.47,5,0,122.51
10381,42,Male,49624.6,5,30,195.01
10382,41,Male,62266.49,4,30,175.29
10383,30,Female,70853.11,3,20,169.19
10384,24,Female,58367.15,3,20,173.75
10385,53,Male,50155.29,5,0,114.2
10386,62,Female,30322.46,10,5,155.95
10387,37,Male,34023.3,2,5,93.38
10388,18,Male,45421.63,5,10,143.92
10389,25,Male,40857.32,3,25,162.04
10390,63,Male,47195.43,4,25,152.19
10391,33,Male,50849.75,6,25,177.26
10392,31,Female,57945.39,3,15,145.55
10393,29,Male,48942.52,4,5,117.52
10394,40,Male,57297.52,4,10,123.99
10395,32,Female,50967.12,5,20,180.49
10396,45,Male,20368.0,8,30,191.19
10397,51,Female,35909.97,5,25,170.81
10398,19,Female,47838.69,6,20,170.2
10399,49,Female,31854.58,3,20,129.14
10400,40,Male,58998.93,4,0,113.35
10401,39,Male,72961.26,5,15,167.9
10402,42,Male,68281.43,6,10,152.46
10403,39,Female,46798.36,7,15,163.54
10404,39,Male,72360.89,5,0,132.19
10405,59,Female,52230.01,2,10,97.36
10406,23,Male,44943.71,6,10,137.02
10407,32,Female,40798.96,4,5,117.03
10408,60,Male,45462.95,2,15,120.96
10409,54,Male,44177.35,4,15,136.18
10410,50,Male,52556.24,2,5,113.8
10411,25,Female,52408.61,3,20,143.87
10412,61,Female,50045.69,4,0,126.81
10413,61,Male,56554.07,7,15,154.23
10414,22,Male,67859.69,5,5,114.31
10415,56,Female,64243.31,5,30,205.91
10416,21,Female,27726.53,7,10,135.02
10417,23,Female,15000.0,9,25,182.33
10418,62,Male,64014.8,7,30,222.85
10419,49,Female,29496.82,6,5,120.28
10420,47,Male,46628.52,6,25,192.92
10421,64,Female,32448.3,9,20,182.12
10422,52,Male,22970.29,2,0,81.11
10423,57,Female,58121.94,3,25,160.45
10424,33,Female,61387.33,9,20,193.5
10425,30,Female,41352.34,3,25,174.48
10426,59,Female,15000.0,8,10,157.66
10427,47,Female,41806.33,5,10,128.64
10428,36,Male,55877.06,4,10,133.15
10429,34,Female,27816.33,9,10,175.67
10430,36,Female,52750.4,2,5,94.99
10431,45,Female,49770.35,5,10,130.54
10432,43,Male,58689.37,10,30,239.05
10433,54,Female,51793.71,5,10,163.6
10434,43,Male,35403.97,4,30,175.24
10435,40,Female,67948.57,7,5,162.97
10436,26,Female,47622.06,3,10,112.64
10437,29,Male,49590.43,6,20,176.41
10438,18,Female,36000.98,3,20,138.4
10439,18,Male,43350.77,3,15,151.84
10440,64,Male,36727.96,4,20,166.35
10441,51,Female,47405.81,1,0,104.5
10442,49,Male,75675.63,2,0,96.88
10443,42,Female,29421.48,4,0,97.07
10444,57,Female,25796.58,5,5,119.15
10445,62,Male,72067.55,8,20,193.47
10446,18,Male,46860.14,7,30,205.74
10447,33,Male,39963.91,7,0,135.07
10448,56,Male,65598.57,2,15,130.8
10449,22,Female,40915.77,6,5,123.92
10450,39,Female,77390.15,8,15,182.5
10451,46,Male,60168.89,6,20,164.65
10452,20,Female,42681.33,4,10,136.88
10453,29,Female,82359.62,4,15,153.62
10454,43,Female,40914.28,4,10,119.35
10455,33,Female,61131.43,1,5,106.36
10456,54,Male,54489.39,6,15,162.64
10457,39,Male,69526.12,8,15,181.01
10458,46,Female,73422.67,7,25,213.32
10459,31,Male,50480.06,7,5,138.09
10460,45,Male,38698.73,6,5,108.08
10461,22,Male,56899.58,6,0,139.78
10462,64,Female,39834.27,4,20,143.64
10463,47,Female,80200.81,3,15,144.41
10464,63,Female,52048.03,6,15,154.38
10465,22,Male,44520.18,3,30,171.86
10466,29,Female,52770.2,10,5,166.14
10467,33,Female,29793.11,5,5,127.28
10468,43,Male,35425.79,6,20,182.16
10469,43,Female,68006.21,6,5,137.71
10470,38,Female,40146.59,4,10,117.69
10471,56,Male,34296.34,6,10,134.93
10472,53,Male,58049.79,5,25,185.92
10473,50,Male,67785.56,3,10,131.73
10474,47,Female,60784.3,2,10,116.39
10475,54,Female,64940.72,3,20,143.5
10476,40,Female,38648.07,2,15,100.74
10477,27,Male,28672.84,8,10,143.29
10478,22,Male,72520.0,7,25,217.4
10479,53,Female,45159.8,4,5,121.44
10480,51,Female,46237.5,3,10,120.2
10481,48,Male,69922.91,3,25,178.76
10482,27,Male,58343.45,6,20,164.29
10483,36,Male,56838.32,5,30,193.99
10484,49,Male,82475.04,1,30,156.37
10485,18,Female,40347.23,8,30,212.63
10486,22,Male,63917.6,9,5,169.05
10487,62,Female,50855.2,4,25,172.76
10488,21,Female,54028.88,7,10,169.69
10489,33,Female,72927.03,3,15,155.72
10490,41,Male,57617.54,7,5,135.22
10491,33,Male,58074.44,5,5,143.36
10492,19,Male,66087.61,6,30,203.95
10493,45,Male,44525.71,8,15,154.06
10494,49,Female,37411.85,2,30,158.62
10495,44,Male,34327.86,4,5,118.14
10496,37,Male,20504.65,9,10,147.11
10497,41,Female,80843.11,4,30,210.75
10498,29,Male,33451.87,4,30,164.49
10499,52,Female,46681.2,3,30,167.53
10500,50,Female,45847.8,4,5,110.78
10501,50,Female,54611.1,4,10,117.22
10502,60,Female,62236.06,6,15,156.69
10503,54,Female,62907.1,7,0,130.33
10504,29,Female,41253.84,3,15,130.83
10505,20,Female,47493.17,6,10,116.73
10506,18,Female,54238.7,8,20,198.28
10507,50,Male,46269.63,7,30,211.2
10508,57,Male,74110.18,3,15,160.37
10509,27,Male,57364.62,4,20,145.77
10510,60,Male,61023.17,6,20,175.58
10511,61,Female,59943.22,8,10,178.39
10512,46,Male,67602.11,3,10,143.08
10513,30,Female,52715.32,4,30,198.15
10514,29,Male,30547.52,3,0,90.3
10515,48,Male,55995.32,8,25,203.94
10516,63,Male,40229.65,1,5,75.04
10517,19,Female,42070.75,3,15,143.18
10518,52,Male,58795.46,7,10,155.79
10519,40,Female,68574.25,5,15,162.13
10520,34,Female,50319.07,9,25,209.33
10521,43,Male,54632.5,5,25,155.87
10522,25,Male,75533.22,4,30,186.65
10523,46,Male,53611.3,5,20,171.34
10524,43,Female,89025.25,7,30,225.03
10525,27,Male,58482.64,3,5,120.36
10526,43,Female,23588.56,6,0,117.63
10527,51,Female,61300.12,7,15,165.92
10528,58,Male,55717.38,4,5,117.21
10529,24,Male,69346.29,4,0,115.26
10530,21,Female,60097.72,4,15,157.28
10531,62,Female,47923.16,3,5,108.12
10532,28,Female,31635.53,4,10,105.01
10533,46,Male,46864.65,2,15,124.95
10534,53,Female,37242.19,7,5,144.45
10535,42,Male,41292.15,6,25,194.72
10536,38,Female,58828.68,7,0,138.22
10537,53,Female,75048.57,5,5,125.16
10538,27,Male,55920.07,4,10,130.9
10539,54,Female,32061.75,5,30,185.78
10540,26,Male,56669.04,4,15,156.5
10541,41,Male,67949.47,7,15,182.55
10542,52,Female,40853.26,5,15,145.41
10543,52,Male,47989.74,6,10,155.58
10544,53,Male,50220.32,5,0,108.7
10545,35,Female,38226.53,2,15,124.46
10546,56,Male,59724.21,4,0,119.36
10547,49,Male,48185.78,4,5,124.36
10548,41,Male,56292.99,6,25,194.64
10549,40,Female,36687.62,11,25,224.58
10550,49,Male,43438.13,6,0,109.23
10551,54,Female,60835.72,8,0,144.59
10552,29,Female,44407.5,5,25,165.61
10553,30,Male,75904.46,3,15,146.56
10554,40,Male,44005.46,5,20,150.31
10555,42,Male,53370.27,1,20,138.13
10556,52,Female,63988.86,8,10,151.34
10557,58,Male,28724.51,6,30,193.54
10558,47,Male,23587.87,4,25,156.45
10559,34,Male,27115.16,7,25,201.08
10560,37,Male,68938.76,1,10,115.42
10561,42,Male,41722.13,7,20,174.81
10562,39,Female,88372.99,3,5,137.51
10563,30,Female,41536.29,9,15,178.8
10564,36,Male,52768.27,4,15,148.63
10565,53,Male,73131.65,2,5,125.01
10566,29,Male,80091.39,4,5,131.87
10567,58,Male,80922.55,6,20,200.41
10568,36,Female,68125.49,2,10,108.27
10569,29,Male,65360.94,1,5,119.22
10570,26,Female,58887.9,7,10,142.56
10571,24,Female,61675.42,7,30,225.36
10572,45,Male,41732.21,6,0,100.2
10573,31,Female,37727.02,8,15,190.17
10574,48,Female,49949.38,7,20,182.58
10575,36,Female,47447.23,5,15,141.77
10576,64,Female,43201.58,6,20,188.25
10577,33,Male,60445.81,6,0,117.33
10578,22,Male,64329.58,7,15,173.39
10579,52,Female,51326.1,6,0,149.71
10580,29,Male,72162.95,3,20,164.04
10581,42,Male,32874.66,3,5,82.68
10582,38,Male,47095.11,1,30,153.81
10583,53,Male,39247.67,5,15,143.51
10584,40,Male,22001.95,3,0,86.89
10585,33,Female,48759.79,9,25,208.44
10586,56,Male,48173.79,8,15,181.05
10587,62,Male,72701.75,4,15,140.57
10588,59,Male,59462.18,2,15,127.75
10589,56,Male,34637.2,3,10,119.44
10590,31,Female,77811.39,2,0,97.28
10591,48,Female,68315.51,4,0,127.12
10592,22,Female,58731.47,4,15,141.44
10593,52,Female,46602.74,5,5,127.23
10594,40,Male,35608.41,8,15,168.25
10595,46,Female,44416.9,6,10,135.06
10596,60,Male,66331.23,3,20,157.77
10597,28,Male,78268.79,5,10,141.02
10598,35,Male,73148.65,6,5,142.64
10599,64,Male,42667.26,3,15,133.14
10600,29,Male,33205.74,8,0,116.33
10601,26,Female,52113.29,8,30,221.29
10602,27,Female,23473.41,5,25,166.84
10603,61,Female,54847.52,4,15,152.24
10604,34,Female,47785.96,2,5,102.42
10605,55,Male,43009.45,6,0,108.0
10606,24,Female,26079.45,5,10,128.04
10607,63,Male,57704.0,6,20,183.08
10608,30,Female,42009.49,7,20,165.1
10609,57,Male,32451.25,3,30,154.12
10610,59,Male,15000.0,9,15,164.54
10611,26,Female,49587.28,2,10,112.08
10612,44,Male,76583.77,0,30,163.13
10613,19,Male,74918.89,6,25,195.04
10614,22,Female,43143.56,4,25,167.67
10615,46,Male,40966.82,6,30,205.7
10616,54,Female,57031.61,4,5,128.4
10617,55,Female,35024.22,5,20,158.07
10618,36,Female,54526.88,2,10,107.2
10619,25,Male,61491.2,5,15,151.03
10620,62,Male,68404.0,4,0,124.62
10621,18,Male,48497.69,3,15,131.06
10622,39,Female,46944.89,5,15,141.29
10623,34,Male,36830.26,3,10,138.4
10624,24,Female,37596.79,3,20,158.04
10625,42,Female,46602.82,4,10,129.06
10626,62,Male,55510.48,8,0,130.93
10627,21,Female,63703.77,5,30,204.09
10628,53,Male,37952.32,4,10,121.08
10629,23,Male,72390.33,4,5,139.58
10630,48,Male,45933.15,4,15,137.58
10631,36,Male,49679.49,4,20,173.29
10632,61,Male,38791.82,7,25,182.71
10633,56,Female,15000.0,8,0,145.15
10634,44,Female,63260.68,7,25,202.08
10635,27,Female,61052.66,3,15,155.87
10636,43,Male,45780.09,6,10,140.49
10637,36,Male,51004.86,6,25,172.89
10638,56,Male,57739.09,4,5,100.31
10639,20,Female,26561.81,6,10,149.05
10640,62,Male,42064.21,9,15,181.21
10641,30,Female,61913.97,6,25,178.98
10642,45,Female,31185.66,4,30,185.77
10643,37,Male,54403.37,6,0,136.76
10644,45,Male,29651.27,7,25,197.15
10645,25,Female,56996.45,4,30,172.1
10646,58,Male,49465.38,3,30,186.2
10647,56,Female,25773.02,4,25,161.23
10648,18,Male,67471.09,5,20,188.01
10649,20,Male,38981.13,3,25,161.42
10650,30,Female,37846.21,5,15,148.15
10651,45,Male,53008.54,3,30,188.1
10652,42,Female,67229.56,5,0,132.13
10653,50,Male,34762.67,5,15,155.7
10654,55,Female,50925.2,5,5,123.08
10655,23,Female,56432.25,6,10,149.49
10656,61,Male,60396.58,6,25,173.36
10657,62,Female,52646.62,6,20,168.72
10658,49,Male,44494.58,5,0,120.15
10659,62,Male,37586.15,7,20,180.43
10660,64,Male,51292.16,3,20,139.85
10661,38,Female,33917.91,5,20,169.78
10662,33,Female,15000.0,7,25,205.73
10663,38,Male,56548.4,2,0,85.25
10664,28,Male,63559.02,8,0,143.72
10665,54,Female,15000.0,4,30,158.28
10666,53,Male,34854.04,2,20,132.48
10667,52,Male,59287.31,5,30,197.38
10668,36,Female,80862.43,5,30,198.46
10669,37,Male,50311.91,4,10,129.39
10670,35,Female,39079.96,6,25,180.91
10671,64,Male,47256.55,8,25,204.84
10672,58,Female,70623.15,4,15,169.48
10673,31,Male,40310.54,3,30,169.01
10674,32,Male,38012.12,6,25,173.89
10675,48,Female,42758.85,4,20,160.34
10676,18,Male,35700.07,2,5,100.35
10677,20,Female,51840.05,3,20,147.99
10678,33,Male,74370.18,1,0,100.04
10679,40,Female,54846.19,9,25,208.09
10680,28,Female,46214.7,5,25,170.3
10681,29,Female,45622.83,3,15,115.32
10682,27,Female,26552.14,4,30,167.0
10683,49,Male,63246.65,3,5,100.5
10684,33,Male,48832.44,4,25,162.52
10685,25,Female,47292.8,6,15,164.94
10686,55,Female,97896.61,4,15,153.4
10687,29,Female,54481.29,2,5,103.84
10688,41,Male,38723.13,6,20,168.02
10689,45,Male,43604.64,3,20,143.42
10690,25,Male,67226.69,6,20,176.8
10691,45,Male,51699.06,2,10,120.1
10692,53,Female,28425.83,8,30,207.85
10693,43,Female,63788.43,3,30,180.91
10694,25,Female,39977.84,6,20,163.73
10695,45,Male,78099.47,4,5,142.2
10696,45,Male,66200.72,5,10,134.99
10697,54,Male,43290.17,6,30,201.52
10698,58,Female,69215.25,1,20,146.8
10699,53,Female,51017.83,5,10,142.5
10700,44,Male,62791.61,7,5,149.8
10701,34,Female,57270.99,6,20,157.74
10702,26,Male,37304.65,6,0,130.53
10703,50,Male,40346.75,7,25,197.06
10704,37,Female,65449.41,4,5,117.61
10705,30,Male,44978.37,3,15,141.58
10706,45,Female,43945.27,8,15,175.36
10707,46,Male,35673.16,4,5,106.51
10708,30,Female,56353.99,5,15,167.59
10709,63,Female,80937.87,5,30,201.16
10710,52,Female,33987.01,3,5,117.05
10711,23,Male,50363.29,9,0,152.52
10712,35,Male,71183.31,8,5,171.66
10713,22,Female,48805.38,6,20,178.19
10714,64,Female,56785.58,3,20,157.72
10715,42,Male,34064.1,5,10,134.18
10716,19,Male,56424.61,5,15,148.44
10717,27,Male,47192.84,5,25,176.72
10718,47,Female,64785.95,3,15,153.06
10719,62,Male,67810.79,7,30,222.1
10720,22,Male,88843.45,3,5,135.93
10721,50,Female,58694.5,0,25,120.89
10722,18,Male,54886.94,6,25,185.81
10723,35,Male,52915.76,6,15,158.77
10724,49,Male,44702.51,4,25,155.82
10725,64,Female,55077.26,5,25,189.08
10726,28,Female,45568.98,9,20,174.53
10727,38,Female,52526.91,5,0,124.63
10728,43,Female,69763.96,4,5,142.67
10729,42,Female,34901.86,3,15,126.85
10730,39,Female,67098.18,6,20,180.81
10731,44,Female,69756.73,2,30,185.55
10732,30,Male,48228.97,6,30,189.48
10733,50,Male,18172.18,6,10,138.69
10734,51,Female,40882.67,6,25,171.76
10735,58,Male,69454.92,5,25,175.05
10736,52,Male,49656.98,3,15,139.29
10737,18,Female,35010.47,4,0,99.24
10738,38,Male,42428.38,4,0,86.0
10739,23,Male,62609.3,5,15,172.96
10740,45,Male,58201.0,4,15,144.45
10741,34,Male,46416.02,4,20,160.31
10742,22,Male,44497.63,5,30,203.3
10743,48,Female,44123.63,5,15,152.04
10744,22,Female,36163.85,5,30,195.81
10745,55,Female,74230.64,7,10,159.48
10746,20,Male,45165.19,3,30,185.79
10747,40,Female,68257.38,2,20,141.87
10748,54,Male,72819.74,4,25,175.2
10749,54,Male,64974.66,4,25,162.44
10750,27,Male,43525.7,6,30,197.45
10751,27,Male,56055.95,3,25,170.84
10752,36,Female,49637.07,5,25,184.99
10753,34,Female,36444.47,5,5,106.41
10754,38,Male,54865.39,5,10,146.18
10755,31,Female,32314.4,5,20,160.28
10756,26,Male,67815.19,3,20,164.06
10757,63,Female,43030.74,10,25,206.29
10758,18,Female,53017.39,5,0,91.46
10759,62,Male,54249.32,4,20,166.19
10760,30,Female,46116.43,4,10,128.6
10761,21,Male,58800.41,7,15,175.7
10762,18,Female,42876.45,3,10,119.49
10763,57,Male,63069.46,6,25,194.38
10764,49,Male,29810.3,2,25,150.78
10765,51,Female,51895.69,4,5,101.88
10766,45,Female,79083.93,4,30,207.95
10767,48,Male,34995.03,4,20,147.68
10768,25,Female,39833.83,8,30,225.19
10769,56,Female,57708.62,5,30,189.26
10770,43,Male,52693.73,8,20,183.53
10771,51,Male,55259.45,5,20,166.15
10772,20,Female,57337.81,7,25,202.17
10773,29,Male,59520.82,8,20,191.02
10774,18,Male,66645.5,3,0,113.05
10775,61,Male,56147.28,4,0,106.2
10776,22,Female,46381.14,6,15,159.04
10777,47,Female,60088.61,4,20,184.41
10778,47,Male,78498.23,4,5,137.32
10779,34,Female,48010.49,6,15,163.88
10780,64,Male,35382.06,2,25,131.47
10781,40,Female,66606.21,4,20,178.85
10782,32,Male,48194.28,2,0,100.76
10783,54,Male,17409.96,8,5,128.06
10784,38,Female,62711.33,7,15,185.32
10785,31,Male,41970.08,2,5,102.78
10786,19,Female,48642.0,5,20,164.79
10787,28,Female,54979.7,6,10,163.4
10788,56,Male,52857.5,7,5,139.81
10789,55,Male,60641.78,7,5,141.6
10790,51,Female,43467.7,7,25,192.31
10791,55,Male,57696.59,6,0,132.13
10792,51,Male,46106.8,5,20,172.72
10793,35,Male,61082.16,5,5,131.53
10794,47,Male,59230.51,8,20,185.12
10795,32,Male,35968.42,7,0,149.27
10796,44,Female,66289.73,4,25,166.78
10797,51,Female,41960.55,5,20,161.53
10798,55,Male,62120.87,8,30,227.86
10799,50,Male,55509.31,5,0,129.27
10800,41,Male,77572.76,2,0,99.11
10801,32,Female,46648.01,3,15,116.07
10802,47,Male,44760.25,7,25,184.98
10803,59,Female,49708.71,3,25,169.97
10804,34,Female,45452.3,8,30,218.1
10805,22,Female,61999.13,1,20,145.7
10806,46,Male,25755.34,5,10,134.99
10807,21,Female,34194.76,3,30,179.5
10808,27,Male,33982.96,5,15,136.73
10809,34,Female,64254.61,5,25,172.65
10810,27,Male,75659.2,2,0,107.53
10811,34,Female,48433.26,7,25,182.23
10812,37,Male,47467.67,2,30,152.12
10813,41,Female,51050.78,4,10,144.76
10814,22,Male,67428.17,5,5,138.72
10815,51,Male,36089.7,4,5,112.83
10816,23,Male,53575.53,4,25,171.78
10817,19,Male,64627.96,5,25,183.75
10818,30,Female,57516.41,4,15,160.43
10819,60,Female,52843.72,4,25,155.78
10820,60,Male,65015.69,5,10,131.95
10821,28,Female,15000.0,7,25,166.64
10822,64,Male,60168.13,6,20,180.98
10823,40,Male,40188.86,6,30,211.15
10824,33,Female,22540.51,8,10,158.96
10825,48,Male,57668.04,5,15,162.26
10826,28,Male,70604.88,2,20,150.5
10827,33,Female,47938.27,4,20,142.64
10828,25,Male,64293.12,6,30,210.3
10829,21,Male,74184.17,3,5,143.85
10830,57,Male,69723.72,3,10,131.46
10831,21,Male,74599.47,5,30,196.69
10832,42,Female,61131.91,5,20,168.21
10833,20,Female,51131.5,6,15,167.06
10834,49,Female,25970.51,2,30,155.1
10835,20,Male,46309.06,6,5,142.75
10836,44,Male,37351.3,4,20,150.34
10837,46,Female,82564.14,3,30,187.87
10838,49,Male,47361.71,4,10,132.97
10839,36,Male,51848.07,2,5,99.03
10840,38,Male,58272.28,6,10,169.54
10841,22,Male,50654.04,8,10,172.56
10842,35,Female,75425.77,5,10,141.72
10843,45,Female,40660.26,6,30,185.87
10844,59,Female,52919.11,5,5,134.61
10845,39,Male,38862.94,5,30,186.26
10846,38,Female,30199.66,6,30,191.12
10847,23,Female,40823.46,4,30,175.49
10848,18,Male,49444.45,4,20,161.27
10849,22,Male,43560.47,5,25,172.59
10850,58,Female,39613.69,5,0,115.44
10851,29,Female,28905.24,4,20,154.18
10852,43,Female,48753.42,4,5,134.94
10853,63,Female,27429.19,7,0,114.57
10854,51,Male,61400.84,5,0,120.59
10855,31,Female,51236.6,4,0,95.43
10856,43,Female,28136.73,3,25,168.83
10857,62,Male,45361.86,9,30,199.93
10858,44,Female,38717.65,6,15,171.69
10859,26,Male,54787.62,6,5,138.83
10860,43,Male,70106.76,4,25,183.74
10861,64,Male,21872.41,7,25,177.78
10862,39,Female,51725.39,6,15,161.67
10863,64,Female,47598.01,6,0,127.68
10864,47,Male,60070.1,2,30,154.67
10865,60,Female,53197.95,6,15,155.58
10866,34,Female,38720.46,4,15,130.41
10867,43,Male,45214.19,7,25,195.58
10868,53,Male,38059.61,8,5,145.57
10869,18,Female,66140.11,6,10,162.25
10870,25,Male,50319.67,3,30,175.81
10871,52,Female,78517.86,4,15,169.34
10872,32,Female,49090.09,5,30,182.14
10873,64,Female,39373.9,3,15,131.77
10874,39,Female,27294.28,5,0,114.74
10875,31,Male,22952.9,8,30,209.57
10876,43,Male,26237.96,8,0,112.32
10877,45,Male,54006.9,5,25,169.29
10878,40,Male,57630.88,5,0,118.0
10879,31,Female,26282.14,8,30,199.79
10880,41,Female,63425.57,5,20,171.06
10881,19,Male,42754.08,4,30,186.34
10882,62,Female,52201.9,3,15,140.49
10883,43,Female,74183.31,7,0,146.57
10884,31,Female,63452.59,4,5,132.93
10885,24,Male,45972.04,4,20,165.73
10886,20,Male,36632.12,5,25,140.26
10887,64,Male,17722.77,3,10,104.0
10888,40,Female,39212.7,5,15,138.28
10889,63,Male,46833.05,4,15,147.67
10890,60,Male,35192.31,6,5,123.48
10891,64,Male,48031.15,5,10,139.77
10892,62,Male,51152.78,5,10,149.1
10893,35,Male,46627.16,2,25,145.78
10894,55,Male,40249.96,5,25,176.25
10895,52,Female,52529.82,3,20,165.8
10896,32,Female,56629.11,3,15,148.13
10897,42,Male,33644.01,5,0,90.96
10898,54,Male,71163.99,4,25,177.16
10899,45,Female,48521.18,3,5,114.32
10900,27,Female,50282.74,4,5,125.17
10901,56,Male,60623.22,2,5,106.29
10902,34,Male,53498.24,6,30,193.35
10903,56,Male,64297.05,7,25,201.33
10904,39,Male,54306.86,3,25,152.78
10905,43,Female,40813.44,5,5,133.9
10906,61,Male,55422.55,4,25,190.9
10907,42,Male,32844.11,6,30,193.37
10908,34,Male,51628.4,6,0,121.49
10909,30,Male,49501.55,2,0,100.16
10910,37,Female,46878.25,2,20,147.16
10911,42,Female,48071.94,5,15,148.78
10912,21,Female,21772.26,2,0,76.41
10913,27,Male,41769.13,7,20,170.79
10914,20,Male,51392.67,4,10,134.34
10915,58,Female,52397.85,5,15,156.69
10916,62,Male,34584.87,7,0,115.49
10917,35,Male,68985.62,5,30,188.75
10918,64,Female,37007.38,7,10,136.24
10919,53,Female,64541.86,1,20,144.44
10920,64,Female,56407.92,3,0,102.09
10921,39,Female,40306.59,4,0,101.32
10922,51,Male,76629.66,9,25,227.46
10923,64,Male,32095.45,4,10,114.04
10924,25,Female,63787.31,5,0,111.19
10925,57,Male,65008.73,6,5,145.42
10926,61,Female,39940.7,6,30,175.68
10927,36,Female,70886.98,3,25,169.35
10928,59,Male,46249.3,3,25,184.29
10929,58,Female,54330.4,5,0,103.68
10930,54,Male,53904.83,7,30,203.65
10931,23,Male,47985.37,6,25,163.26
10932,43,Male,62162.12,6,15,164.24
10933,51,Male,61902.33,4,10,157.62
10934,62,Female,23772.02,7,15,160.06
10935,23,Male,69565.1,4,20,160.64
10936,54,Female,25062.62,8,15,185.85
10937,50,Female,65488.19,5,30,180.32
10938,39,Female,66900.58,5,5,140.49
10939,38,Female,33635.5,4,25,161.97
10940,23,Male,43837.79,5,30,184.45
10941,23,Male,33414.43,2,25,153.28
10942,21,Female,46776.18,3,5,98.07
10943,47,Female,45379.49,7,25,194.32
10944,28,Male,61694.91,5,15,160.2
10945,47,Female,69654.63,6,20,174.12
10946,48,Male,70935.26,7,0,160.97
10947,41,Female,41567.48,2,5,97.47
10948,26,Male,46861.67,7,15,165.54
10949,20,Female,24748.43,5,30,167.1
10950,48,Female,37911.95,5,15,144.82
10951,57,Male,64472.77,7,15,199.08
10952,54,Female,74233.74,6,0,132.59
10953,53,Female,31484.77,5,10,135.93
10954,41,Male,41113.04,0,25,142.56
10955,48,Female,49603.91,7,25,191.49
10956,23,Male,54202.42,5,30,188.01
10957,19,Male,37855.95,5,20,163.65
10958,37,Female,56360.92,6,30,198.77
10959,45,Female,42892.41,8,10,157.13
10960,28,Female,49783.22,4,25,178.79
10961,21,Female,58194.26,6,20,176.4
10962,32,Female,50096.33,4,30,194.18
10963,23,Female,43454.21,1,20,128.81
10964,47,Female,48355.85,3,15,122.51
10965,55,Male,48674.56,4,5,84.58
10966,19,Female,44449.83,5,15,131.34
10967,32,Male,46118.06,4,0,88.4
10968,28,Female,73979.71,5,25,192.16
10969,25,Female,58413.79,2,20,135.49
10970,43,Male,45567.8,2,30,144.04
10971,62,Female,60454.32,5,5,131.42
10972,61,Female,44992.71,5,30,176.68
10973,22,Male,67596.87,5,25,190.93
10974,23,Female,55544.63,6,20,180.16
10975,43,Female,48390.47,4,20,161.64
10976,21,Female,56715.75,9,15,162.28
10977,36,Male,26436.86,7,5,132.17
10978,37,Female,33098.49,2,5,93.84
10979,50,Female,32091.12,3,25,140.33
10980,37,Female,52144.15,4,20,136.7
10981,29,Female,75987.72,6,5,147.41
10982,64,Male,83469.5,7,5,170.88
10983,18,Male,59570.77,4,30,160.97
10984,43,Female,57512.67,5,25,172.93
10985,31,Female,22984.13,5,15,140.31
10986,55,Male,41859.89,3,30,181.18
10987,54,Male,38183.24,3,30,164.97
10988,28,Female,40687.29,7,10,170.65
10989,53,Male,47477.84,3,0,79.79
10990,30,Female,42918.64,8,10,140.29
10991,60,Male,20310.5,8,5,146.83
10992,20,Male,61218.65,5,20,147.11
10993,50,Male,33908.85,5,0,111.57
10994,23,Male,53588.7,3,0,97.85
10995,27,Female,81111.24,3,20,155.55
10996,22,Male,36209.23,6,0,111.84
10997,40,Male,15000.0,5,20,134.61
10998,27,Female,45709.94,4,0,101.67
10999,61,Male,66514.39,6,30,206.43
11000,19,Male,79375.21,3,25,172.03
